url,user_posted,description,hashtags,num_comments,date_posted,likes,views,video_play_count,top_comments,post_id,thumbnail,shortcode,content_id,product_type,coauthor_producers,tagged_users,length,video_url,audio_url,posts_count,followers,following,user_profile_url,is_paid_partnership,partnership_details,is_verified,profile_image_link,timestamp,input_url,input_posts_count,input_followers,input_following
https://www.instagram.com/reel/DL83X6Vy_lh/,you_a_beauty__,#ë¯¸ì¸ìŠ¤í‚¨ #MIINSKIN #í™”ì´íŠ¸ë‹ì„¸ëŸ¼ #ì„¸ëŸ¼ #ë¯¸ì¸ìŠ¤í‚¨í™”ì´íŠ¸ë‹ì„¸ëŸ¼ #ë¯¸ì¸ìŠ¤í‚¨ì„¸ëŸ¼ #ì„¸ëŸ¼ì¶”ì²œ #í™”ì´íŠ¸ë‹ë§ˆìŠ¤í¬ #ë¯¸ì¸ìŠ¤í‚¨í™”ì´íŠ¸ë‹í…ì…€ë§ˆìŠ¤í¬ #ë¯¸ì¸ìŠ¤í‚¨ë§ˆìŠ¤í¬íŒ© #ë§ˆìŠ¤í¬íŒ© #ë§ˆìŠ¤í¬íŒ©ì²œ,"[""#ë¯¸ì¸ìŠ¤í‚¨"", ""#MIINSKIN"", ""#í™”ì´íŠ¸ë‹ì„¸ëŸ¼"", ""#ì„¸ëŸ¼"", ""#ë¯¸ì¸ìŠ¤í‚¨í™”ì´íŠ¸ë‹ì„¸ëŸ¼"", ""#ë¯¸ì¸ìŠ¤í‚¨ì„¸ëŸ¼"", ""#ì„¸ëŸ¼ì¶”ì²œ"", ""#í™”ì´íŠ¸ë‹ë§ˆìŠ¤í¬"", ""#ë¯¸ì¸ìŠ¤í‚¨í™”ì´íŠ¸ë‹í…ì…€ë§ˆìŠ¤í¬"", ""#ë¯¸ì¸ìŠ¤í‚¨ë§ˆìŠ¤í¬íŒ©"", ""#ë§ˆìŠ¤í¬íŒ©"", ""#ë§ˆìŠ¤í¬íŒ©ì²œ""]",0,2025-07-11T02:39:34.000Z,-1,5,2310,[],3674054931776272737,https://instagram.fphl1-1.fna.fbcdn.net/v/t51.2885-15/517687119_3009714195869642_3144156228874750650_n.jpg?stp=dst-jpg_e15_tt6&efg=eyJ2ZW5jb2RlX3RhZyI6ImltYWdlX3VybGdlbi42NDB4MTEzNi5zZHIuZjcxODc4Lm5mcmFtZV9jb3Zlcl9mcmFtZS5jMiJ9&_nc_ht=instagram.fphl1-1.fna.fbcdn.net&_nc_cat=102&_nc_oc=Q6cZ2QESekIihWt3T447KiWS3MVBBLf2utQB3y09NHHWfC57X0MufX_kNXgzdSRXu4HV9P0&_nc_ohc=wRnefVjJVocQ7kNvwGJfJEn&_nc_gid=AT3ZHBTeYlzMRkRR1fdN7Q&edm=ANTKIIoBAAAA&ccb=7-5&oh=00_AfeQklLgUg8NSCus6E_BOTJok7gk8yampGTPADio9UZUqg&oe=69094C04&_nc_sid=d885a2,DL83X6Vy_lh,3674054931776272737_15507012711,clips,[],[],52.066,https://instagram.fphl1-1.fna.fbcdn.net/o1/v/t2/f2/m86/AQOI2Ta_th4pEipVstFARZqXP4oM64ajCCM1_JO7kV9OhtwW8R23wl30HlDGdp0ICcLnZcUfNxkcFnCTn0WItieP2he9PbD2yPjH72Q.mp4?_nc_cat=103&_nc_oc=Adl5dF0_MtYA9JuIZsD6h-atD25ZhVKEpsCfC5hdI40OITxM4Gg_VmWw-FnvxHQ_ANY&_nc_sid=5e9851&_nc_ht=instagram.fphl1-1.fna.fbcdn.net&_nc_ohc=6znnPXmXjmkQ7kNvwFsyzAv&efg=eyJ2ZW5jb2RlX3RhZyI6Inhwdl9wcm9ncmVzc2l2ZS5JTlNUQUdSQU0uQ0xJUFMuQzMuNzIwLmRhc2hfYmFzZWxpbmVfMV92MSIsInhwdl9hc3NldF9pZCI6MjEzNTI0NDI2MzY0OTA4NSwiYXNzZXRfYWdlX2RheXMiOjExMSwidmlfdXNlY2FzZV9pZCI6MTAwOTksImR1cmF0aW9uX3MiOjUyLCJ1cmxnZW5fc291cmNlIjoid3d3In0%3D&ccb=17-1&vs=484f9041f5237529&_nc_vs=HBksFQIYUmlnX3hwdl9yZWVsc19wZXJtYW5lbnRfc3JfcHJvZC8yMjRGRTAwMjM1MEYxMTk2NDVBMERENDdDM0Q5RkRBQV92aWRlb19kYXNoaW5pdC5tcDQVAALIARIAFQIYOnBhc3N0aHJvdWdoX2V2ZXJzdG9yZS9HUGN5eVI1dXE2NTcxNHdDQUxwTXVMZDRlRVJYYnFfRUFBQUYVAgLIARIAKAAYABsCiAd1c2Vfb2lsATEScHJvZ3Jlc3NpdmVfcmVjaXBlATEVAAAm-ry_vcn_ygcVAigCQzMsF0BKCHKwIMScGBJkYXNoX2Jhc2VsaW5lXzFfdjERAHX-B2XmnQEA&_nc_gid=AT3ZHBTeYlzMRkRR1fdN7Q&_nc_zt=28&oh=00_AffI3l_MLUrmONWbGlR5ScwgrbUf73Y267AWeRA7pxYqrg&oe=69056470,https://www.instagram.com/reels/audio/1284900143258722,1644,17089,853,https://www.instagram.com/you_a_beauty__,False,[],False,https://instagram.fphl1-1.fna.fbcdn.net/v/t51.2885-19/324162400_6008910472473845_2636576922404540194_n.jpg?stp=dst-jpg_s150x150_tt6&efg=eyJ2ZW5jb2RlX3RhZyI6InByb2ZpbGVfcGljLmRqYW5nby4xMDgwLmMyIn0&_nc_ht=instagram.fphl1-1.fna.fbcdn.net&_nc_cat=105&_nc_oc=Q6cZ2QESekIihWt3T447KiWS3MVBBLf2utQB3y09NHHWfC57X0MufX_kNXgzdSRXu4HV9P0&_nc_ohc=CQ6gLBcZtUIQ7kNvwHymmdf&_nc_gid=AT3ZHBTeYlzMRkRR1fdN7Q&edm=ANTKIIoBAAAA&ccb=7-5&oh=00_AfdVcCdVO0TzAKtr91SMjV3JIa7eB3OapwdkBrDc-OrkWQ&oe=69093DAC&_nc_sid=d885a2,2025-10-30T15:21:06.125Z,https://www.instagram.com/reel/DL83X6Vy_lh/,1644,17089,853
https://www.instagram.com/reel/DOGBS7skXUH/,you_a_beauty__,#ê´‘ê³  @wellage.official,"[""#ê´‘ê³ ""]",0,2025-09-02T09:04:17.000Z,-1,739,3722,[],3712660641909142791,https://scontent-ord5-2.cdninstagram.com/v/t51.2885-15/541506949_1923805245122378_2442253249173387443_n.jpg?stp=dst-jpg_e15_tt6&efg=eyJ2ZW5jb2RlX3RhZyI6ImltYWdlX3VybGdlbi42NDB4MTEzNi5zZHIuZjcxODc4Lm5mcmFtZV9jb3Zlcl9mcmFtZS5jMiJ9&_nc_ht=scontent-ord5-2.cdninstagram.com&_nc_cat=102&_nc_oc=Q6cZ2QHVqM9rj5ChsnwiNxcdvxIqQa2nd_UnfvG_BWuNsn7uFp42Boe4nNjsQKNE9jzJ3ww&_nc_ohc=Go-wvZaE8W0Q7kNvwGT06Df&_nc_gid=sv36JGfmS1m59jxIvGJWGQ&edm=ANTKIIoBAAAA&ccb=7-5&oh=00_AfdrOPz1RE4FEudWiI0OAtV62p_4HvA4zfQhA4flx_7fiQ&oe=69095704&_nc_sid=d885a2,DOGBS7skXUH,3712660641909142791_15507012711,clips,[],[],30.347,https://scontent-ord5-3.cdninstagram.com/o1/v/t2/f2/m86/AQMXQvNbbcHEbTucYUM1mFZERAqreMksHEuJQnnKvr8HCjiu0AaKGe0IAenVUuz5x9xlgxA4UR7-I8RpInJXgbF89MFKUiWXaUpCCRM.mp4?_nc_cat=110&_nc_sid=5e9851&_nc_ht=scontent-ord5-3.cdninstagram.com&_nc_ohc=MRVpQSzW3eMQ7kNvwG3VaUb&efg=eyJ2ZW5jb2RlX3RhZyI6Inhwdl9wcm9ncmVzc2l2ZS5JTlNUQUdSQU0uQ0xJUFMuQzMuNzIwLmRhc2hfYmFzZWxpbmVfMV92MSIsInhwdl9hc3NldF9pZCI6MTY3MDEwMjc4Njk2NDY0NCwiYXNzZXRfYWdlX2RheXMiOjU4LCJ2aV91c2VjYXNlX2lkIjoxMDA5OSwiZHVyYXRpb25fcyI6MzAsInVybGdlbl9zb3VyY2UiOiJ3d3cifQ%3D%3D&ccb=17-1&vs=814e46b023238e6a&_nc_vs=HBksFQIYUmlnX3hwdl9yZWVsc19wZXJtYW5lbnRfc3JfcHJvZC80NTRCNTg4REU0RTI3MDNEODdBQUI3RTM3MjJFODc5M192aWRlb19kYXNoaW5pdC5tcDQVAALIARIAFQIYOnBhc3N0aHJvdWdoX2V2ZXJzdG9yZS9HTHlVUnlDQXpkQkQ4dU1EQU9KZmQ5NTNlYzFZYnFfRUFBQUYVAgLIARIAKAAYABsCiAd1c2Vfb2lsATEScHJvZ3Jlc3NpdmVfcmVjaXBlATEVAAAmyPLXteO89wUVAigCQzMsF0A-VT987ZFoGBJkYXNoX2Jhc2VsaW5lXzFfdjERAHX-B2XmnQEA&_nc_gid=sv36JGfmS1m59jxIvGJWGQ&_nc_zt=28&oh=00_Aff4dQ3hgIFvOjubAmnZzaASg1eiypvBHRpi_Y5Xk6tsLg&oe=69056DC3,https://www.instagram.com/reels/audio/720740510675654,1644,17089,853,https://www.instagram.com/you_a_beauty__,False,[],False,https://scontent-ord5-2.cdninstagram.com/v/t51.2885-19/324162400_6008910472473845_2636576922404540194_n.jpg?stp=dst-jpg_s150x150_tt6&efg=eyJ2ZW5jb2RlX3RhZyI6InByb2ZpbGVfcGljLmRqYW5nby4xMDgwLmMyIn0&_nc_ht=scontent-ord5-2.cdninstagram.com&_nc_cat=105&_nc_oc=Q6cZ2QHVqM9rj5ChsnwiNxcdvxIqQa2nd_UnfvG_BWuNsn7uFp42Boe4nNjsQKNE9jzJ3ww&_nc_ohc=CQ6gLBcZtUIQ7kNvwG_H8hc&_nc_gid=sv36JGfmS1m59jxIvGJWGQ&edm=ANTKIIoBAAAA&ccb=7-5&oh=00_AfegMHnuifwW7t3GSWzrXvBMfCoJ8NvxMl22Irj3FNjmxA&oe=69093DAC&_nc_sid=d885a2,2025-10-30T15:21:06.310Z,https://www.instagram.com/reel/DOGBS7skXUH/,1644,17089,853
https://www.instagram.com/reel/DMSVfvRS-qS/,you_a_beauty__,"#ê´‘ê³  @vitalbeautie_official 
ë”ì›Œì§„ ë‚ ì”¨ì™€ ì–‡ì•„ì§„ ì˜·,,
í•˜ì§€ë§Œ ë‘êº¼ì›Œì§„ ë‚´ ëª¸ë§¤ã… ã… 
ë¹¨ê°„ë¶ˆ ì¼œì§„ ì—¬ë¦„ ë‹¤ì´ì–´íŠ¸ì— ê·¸ë¦°ë¼ì´íŠ¸ë¥¼ ì¼œì¤„ ì˜¬ë¦¬ë¸Œì˜ ë‹¤ì´ì–´íŠ¸ ë³´ì¡°ì œë¥¼ ì†Œê°œí• ê²Œìš”

íƒ„íƒ„í•˜ê³  ê±´ê°•ë¯¸ì˜ ëŒ€ëª…ì‚¬ ê¶Œìœ ë¦¬ë‹˜ì´ ëª¨ë¸ë¡œ í™œë™í•˜ê³  ìˆìœ¼ë©° ì¼ëª… ìœ ë¦¬ ë‹¤ì´ì–´íŠ¸ë¡œë„ ìœ ëª…í•œë°ìš”

íƒ„ë‹¨ì§€ ëŒ€ì‚¬ë¥¼ ë•ëŠ” íŒí† í…ì‚° 2ë°° ì¦ëŸ‰ìœ¼ë¡œ ë‹¤ì´ì–´íŠ¸ íš¨ìœ¨ì„ ë†’ì—¬ì£¼ëŠ” ë©”íƒ€ê·¸ë¦° ë¶€ìŠ¤í„°ìƒ· 7ì¼ê³¼

ì •ì œ ê°œìˆ˜ê°€ ì ê³  ì‚¬ì´ì¦ˆê°€ ì‘ì•„ ì•½ì†/íšŒì‹/ì—¬í–‰ ë“± ê³¼ì‹í•œ ë‚ ì— ì±™ê²¨ë¨¹ê¸° ì¢‹ì€ ë©”íƒ€ê·¸ë¦° ìŠ¬ë¦¼ì—… ì…ë‹ˆë‹¤

#ë°”ì´íƒˆë·°í‹° #ë©”íƒ€ê·¸ë¦° #ë‹¤ì´ì–´íŠ¸ #ìœ ë¦¬ë‹¤ì´ì–´íŠ¸ #ì—¬ë¦„ë‹¤ì´ì–´íŠ¸ #ë‹¤ì´ì–´íŠ¸ì •ì²´ê¸° #ë©”íƒ€ê·¸ë¦°ë¶€ìŠ¤í„°ìƒ·7ì¼ #ë©”íƒ€ê·¸ë¦°ìŠ¬ë¦¼ì—… #ì˜¬ë¦¬ë¸Œì˜ë‹¤ì´ì–´íŠ¸ #ì˜¬ë¦¬ë¸Œì˜ë‹¤ì´ì–´íŠ¸ë³´ì¡°ì œ","[""#ê´‘ê³ "", ""#ë°”ì´íƒˆë·°í‹°"", ""#ë©”íƒ€ê·¸ë¦°"", ""#ë‹¤ì´ì–´íŠ¸"", ""#ìœ ë¦¬ë‹¤ì´ì–´íŠ¸"", ""#ì—¬ë¦„ë‹¤ì´ì–´íŠ¸"", ""#ë‹¤ì´ì–´íŠ¸ì •ì²´ê¸°"", ""#ë©”íƒ€ê·¸ë¦°ë¶€ìŠ¤í„°ìƒ·7ì¼"", ""#ë©”íƒ€ê·¸ë¦°ìŠ¬ë¦¼ì—…"", ""#ì˜¬ë¦¬ë¸Œì˜ë‹¤ì´ì–´íŠ¸"", ""#ì˜¬ë¦¬ë¸Œì˜ë‹¤ì´ì–´íŠ¸ë³´ì¡°ì œ""]",0,2025-07-19T10:46:46.000Z,-1,4,3430,[],3680098385551682194,https://scontent-dfw5-1.cdninstagram.com/v/t51.2885-15/520806133_777058568086525_6129329199127205003_n.jpg?stp=dst-jpg_e15_tt6&efg=eyJ2ZW5jb2RlX3RhZyI6ImltYWdlX3VybGdlbi42NDB4MTEzNi5zZHIuZjcxODc4Lm5mcmFtZV9jb3Zlcl9mcmFtZS5jMiJ9&_nc_ht=scontent-dfw5-1.cdninstagram.com&_nc_cat=101&_nc_oc=Q6cZ2QEsrLp9G9Acj2n-38KZJRA8ZbaYrhl-4MBdWQabfaKh7EYnAJVua_daVU-HJZVrUdo&_nc_ohc=7r8a1N6993QQ7kNvwEXOAxS&_nc_gid=NAdU-O10_Ombn_9iJTYyOQ&edm=ANTKIIoBAAAA&ccb=7-5&oh=00_AfewC-dlC2p3rEMPttgOPyIs6ENliG5geQkQQmNlm3AYEg&oe=69096D8F&_nc_sid=d885a2,DMSVfvRS-qS,3680098385551682194_15507012711,clips,[],"[{""full_name"": ""á„‡á…¡á„‹á…µá„á…¡á†¯á„‡á…²á„á…µ l VITALBEAUTIE"", ""id"": ""7624782631"", ""is_verified"": true, ""profile_pic_url"": ""https://scontent-dfw5-3.cdninstagram.com/v/t51.2885-19/457136860_1470053353654285_2704498282201129093_n.jpg?stp=dst-jpg_s150x150_tt6&efg=eyJ2ZW5jb2RlX3RhZyI6InByb2ZpbGVfcGljLmRqYW5nby4xMDM2LmMyIn0&_nc_ht=scontent-dfw5-3.cdninstagram.com&_nc_cat=1&_nc_oc=Q6cZ2QEsrLp9G9Acj2n-38KZJRA8ZbaYrhl-4MBdWQabfaKh7EYnAJVua_daVU-HJZVrUdo&_nc_ohc=klilspq3kcUQ7kNvwGBSG_o&_nc_gid=NAdU-O10_Ombn_9iJTYyOQ&edm=ANTKIIoBAAAA&ccb=7-5&oh=00_AfcTxUhRRDDBsW9pnge-nQ0u-gUmKFh3MlC14YQpaRG_eQ&oe=690944C8&_nc_sid=d885a2"", ""username"": ""vitalbeautie_official""}]",41.1,https://scontent-dfw5-2.cdninstagram.com/o1/v/t2/f2/m86/AQNaqTDozXEs6xkRjGP5e-zX4SZQfHnhEJt8n-GoWM0Qh1IqDs-NIhvnCdHA_B-t0JiQJTqjF9MDl2oOGvZZF8jdX2JRPfhqOnCRbv4.mp4?_nc_cat=106&_nc_sid=5e9851&_nc_ht=scontent-dfw5-2.cdninstagram.com&_nc_ohc=h8yzVD4tz-MQ7kNvwGFeb4S&efg=eyJ2ZW5jb2RlX3RhZyI6Inhwdl9wcm9ncmVzc2l2ZS5JTlNUQUdSQU0uQ0xJUFMuQzMuNzIwLmRhc2hfYmFzZWxpbmVfMV92MSIsInhwdl9hc3NldF9pZCI6NzY4Nzk5NDcyMzg4MDIyLCJhc3NldF9hZ2VfZGF5cyI6MTAzLCJ2aV91c2VjYXNlX2lkIjoxMDA5OSwiZHVyYXRpb25fcyI6NDEsInVybGdlbl9zb3VyY2UiOiJ3d3cifQ%3D%3D&ccb=17-1&vs=976e8803fdce2f2e&_nc_vs=HBksFQIYUmlnX3hwdl9yZWVsc19wZXJtYW5lbnRfc3JfcHJvZC85MDRDQzJCQTVCOTdENUYzNjg5MEY4OEIzMzBBQkU4MF92aWRlb19kYXNoaW5pdC5tcDQVAALIARIAFQIYOnBhc3N0aHJvdWdoX2V2ZXJzdG9yZS9HQnJINng1TVhvVkRPam9HQUNKM3ZmdU5hVVF3YnFfRUFBQUYVAgLIARIAKAAYABsCiAd1c2Vfb2lsATEScHJvZ3Jlc3NpdmVfcmVjaXBlATEVAAAm7J6kt4LO3QIVAigCQzMsF0BEjMzMzMzNGBJkYXNoX2Jhc2VsaW5lXzFfdjERAHX-B2XmnQEA&_nc_gid=NAdU-O10_Ombn_9iJTYyOQ&_nc_zt=28&oh=00_Afcy0KjoQkXXwMaGTlyFZ6oTEHWXqh7zFilG1T3QZF46yg&oe=69056763,https://www.instagram.com/reels/audio/4068122703515899,1644,17089,853,https://www.instagram.com/you_a_beauty__,False,[],False,https://scontent-dfw5-1.cdninstagram.com/v/t51.2885-19/324162400_6008910472473845_2636576922404540194_n.jpg?stp=dst-jpg_s150x150_tt6&efg=eyJ2ZW5jb2RlX3RhZyI6InByb2ZpbGVfcGljLmRqYW5nby4xMDgwLmMyIn0&_nc_ht=scontent-dfw5-1.cdninstagram.com&_nc_cat=105&_nc_oc=Q6cZ2QEsrLp9G9Acj2n-38KZJRA8ZbaYrhl-4MBdWQabfaKh7EYnAJVua_daVU-HJZVrUdo&_nc_ohc=CQ6gLBcZtUIQ7kNvwHAIyeY&_nc_gid=NAdU-O10_Ombn_9iJTYyOQ&edm=ANTKIIoBAAAA&ccb=7-5&oh=00_AffVpx33bsXACcTenjiNC-2eZVEciW9rUay4JicMmlKSwA&oe=69093DAC&_nc_sid=d885a2,2025-10-30T15:21:06.327Z,https://www.instagram.com/reel/DMSVfvRS-qS/,1644,17089,853
https://www.instagram.com/reel/DQTnsXSEf8F/,you_a_beauty__,"#ê´‘ê³  @niveakorea 
ê²¨ìš¸ì²  ì†ë³´ìŠµ ê½‰ ì¡ëŠ” í•„ìˆ˜í…œ!","[""#ê´‘ê³ ""]",0,2025-10-27T08:50:15.000Z,-1,21,182,[],3752517486999895813,https://scontent-bos5-1.cdninstagram.com/v/t51.2885-15/571892457_4152047015009007_4454631438873683740_n.jpg?stp=dst-jpg_e15_tt6&efg=eyJ2ZW5jb2RlX3RhZyI6ImltYWdlX3VybGdlbi42NDB4MTEzNi5zZHIuZjcxODc4Lm5mcmFtZV9jb3Zlcl9mcmFtZS5jMiJ9&_nc_ht=scontent-bos5-1.cdninstagram.com&_nc_cat=103&_nc_oc=Q6cZ2QEX8HCch9edKgWMdgFJDjNhpnbulw2-0zPJ2WYYm5CvT3QQJOUM_66-Mde1rRDpPfw&_nc_ohc=pKuDTXG_NckQ7kNvwEiYSGd&_nc_gid=doGWj6oMBYl5z9HO4RDhWg&edm=ANTKIIoBAAAA&ccb=7-5&oh=00_AfceHQY-En65fEG2m-AgnnLsLLPLdm4WHA8ybefVM1kGbA&oe=69097120&_nc_sid=d885a2,DQTnsXSEf8F,3752517486999895813_15507012711,clips,[],"[{""full_name"": ""ë‹ˆë² ì•„ ì½”ë¦¬ì•„"", ""id"": ""2199824921"", ""is_verified"": true, ""profile_pic_url"": ""https://scontent-bos5-1.cdninstagram.com/v/t51.2885-19/169691467_116834667106718_6600872744812290244_n.jpg?stp=dst-jpg_s150x150_tt6&efg=eyJ2ZW5jb2RlX3RhZyI6InByb2ZpbGVfcGljLmRqYW5nby4xMDgwLmMyIn0&_nc_ht=scontent-bos5-1.cdninstagram.com&_nc_cat=102&_nc_oc=Q6cZ2QEX8HCch9edKgWMdgFJDjNhpnbulw2-0zPJ2WYYm5CvT3QQJOUM_66-Mde1rRDpPfw&_nc_ohc=osz-zg7Ex3MQ7kNvwGL_sek&_nc_gid=doGWj6oMBYl5z9HO4RDhWg&edm=ANTKIIoBAAAA&ccb=7-5&oh=00_Afed4tALny3hML_G_KfBlo4_T9xzLI73YFssrxcaDHgGjA&oe=69095749&_nc_sid=d885a2"", ""username"": ""niveakorea""}]",40,https://scontent-bos5-1.cdninstagram.com/o1/v/t2/f2/m86/AQPZJMxXOcwbUgLANxIWPO1gTK7peScOo12lPNpbJbQp3pgMj3w3PWnl-5ywiHq89_HPAocKt4QhTzA2esOv4jNxL_T1GCleLmb-rok.mp4?_nc_cat=109&_nc_sid=5e9851&_nc_ht=scontent-bos5-1.cdninstagram.com&_nc_ohc=kUjZg7TSW34Q7kNvwESElF-&efg=eyJ2ZW5jb2RlX3RhZyI6Inhwdl9wcm9ncmVzc2l2ZS5JTlNUQUdSQU0uQ0xJUFMuQzMuNzIwLmRhc2hfYmFzZWxpbmVfMV92MSIsInhwdl9hc3NldF9pZCI6Nzk2MDg0NDUwMTI3NjUzLCJ2aV91c2VjYXNlX2lkIjoxMDA5OSwiZHVyYXRpb25fcyI6MzksInVybGdlbl9zb3VyY2UiOiJ3d3cifQ%3D%3D&ccb=17-1&vs=2ab416c0038f9007&_nc_vs=HBksFQIYUmlnX3hwdl9yZWVsc19wZXJtYW5lbnRfc3JfcHJvZC85RTRDQTVCOEVBREVCQzU1ODk0QURCN0MwOUEzMDg4Ml92aWRlb19kYXNoaW5pdC5tcDQVAALIARIAFQIYOnBhc3N0aHJvdWdoX2V2ZXJzdG9yZS9HS0ItQkNLMzVqYThzQ2dHQUxnZTc5WWJyRmtlYnN0VEFRQUYVAgLIARIAKAAYABsCiAd1c2Vfb2lsATEScHJvZ3Jlc3NpdmVfcmVjaXBlATEVAAAmyrzjrZuC6gIVAigCQzMsF0BEAAAAAAAAGBJkYXNoX2Jhc2VsaW5lXzFfdjERAHX-B2XmnQEA&_nc_gid=doGWj6oMBYl5z9HO4RDhWg&_nc_zt=28&oh=00_AfcU-JMH7eTKiTbXCN1c8dTCFVWVL8UM9xMUpccjC7A1SA&oe=690577B6,https://www.instagram.com/reels/audio/1485360845920230,1644,17089,853,https://www.instagram.com/you_a_beauty__,False,[],False,https://scontent-bos5-1.cdninstagram.com/v/t51.2885-19/324162400_6008910472473845_2636576922404540194_n.jpg?stp=dst-jpg_s150x150_tt6&efg=eyJ2ZW5jb2RlX3RhZyI6InByb2ZpbGVfcGljLmRqYW5nby4xMDgwLmMyIn0&_nc_ht=scontent-bos5-1.cdninstagram.com&_nc_cat=105&_nc_oc=Q6cZ2QEX8HCch9edKgWMdgFJDjNhpnbulw2-0zPJ2WYYm5CvT3QQJOUM_66-Mde1rRDpPfw&_nc_ohc=CQ6gLBcZtUIQ7kNvwHHKnyd&_nc_gid=doGWj6oMBYl5z9HO4RDhWg&edm=ANTKIIoBAAAA&ccb=7-5&oh=00_Affc_OYOp9eff4_VwZbhE1yfTsYnAKeusF2JpYjvvsYEkA&oe=69093DAC&_nc_sid=d885a2,2025-10-30T15:21:06.320Z,https://www.instagram.com/reel/DQTnsXSEf8F/,1644,17089,853
https://www.instagram.com/reel/DN8CQGdkcSO/,you_a_beauty__,"#ê´‘ê³  @hince_official 
ì „ì§ í™”ì¥í’ˆ ì•Œë°”ìƒì˜ 
9ì›” #ì˜¬ì˜ì„¸ì¼ ì¶”ì²œí…œ with íŒìŠ¤
* 8/29 ~ 9/4 íŒìŠ¤ ì˜¬ì˜ ì„¸ì¼
NEW ì»¤ë²„ ë§ˆìŠ¤í„° í•‘í¬ ì¿ ì…˜
34,000ì› > 26,880ì›
9/3 ì˜¤ëŠ˜ì˜ íŠ¹ê°€ ë‹¨ í•˜ë£¨ 25,900ì›

ë¡œ ê¸€ë¡œìš° ì ¤ í‹´íŠ¸
ì‹ ìƒ íŠ¹ê°€ 17,000ì› > 12,900ì›

íŠ¸ë£¨ ë””ë©˜ì…˜ ë˜ë””ì–¸ìŠ¤ ë°¤
29,000ì› > 12,900ì›

#ì¶”ì²œ #íŒìŠ¤ #ì˜¬ì˜ì„¸ì¼ #ì˜¬ì˜ì¶”ì²œí…œ #ì»¤ë²„ë§ˆìŠ¤í„°í•‘í¬ì¿ ì…˜ #í•‘í¬ì¿ ì…˜ #ë¡œê¸€ë¡œìš°ì ¤í‹´íŠ¸ #ë˜ë””ì–¸ìŠ¤ë°¤ #ì˜¬ë¦¬ë¸Œì˜ì¿ ì…˜ #ì˜¬ì˜ì„¸ì¼ì¶”ì²œ","[""#ê´‘ê³ "", ""#ì˜¬ì˜ì„¸ì¼"", ""#ì¶”ì²œ"", ""#íŒìŠ¤"", ""#ì˜¬ì˜ì„¸ì¼"", ""#ì˜¬ì˜ì¶”ì²œí…œ"", ""#ì»¤ë²„ë§ˆìŠ¤í„°í•‘í¬ì¿ ì…˜"", ""#í•‘í¬ì¿ ì…˜"", ""#ë¡œê¸€ë¡œìš°ì ¤í‹´íŠ¸"", ""#ë˜ë””ì–¸ìŠ¤ë°¤"", ""#ì˜¬ë¦¬ë¸Œì˜ì¿ ì…˜"", ""#ì˜¬ì˜ì„¸ì¼ì¶”ì²œ""]",1,2025-08-29T11:58:58.000Z,-1,1559,5851,"[{""comment"": ""íŒìŠ¤ ì¢‹ì€ ì œí’ˆ ì§„ì§œ ë§ë”ë¼êµ¬ìš”!!â¤ï¸"", ""user_commenting"": ""hozzui"", ""date_of_comment"": ""2025-08-30T06:15:49.000Z"", ""likes"": null, ""num_replies"": 0, ""replies"": [], ""avatar"": ""https://scontent-dfw5-2.cdninstagram.com/v/t51.2885-19/449327301_1242010823911948_839967932002983219_n.jpg?stp=dst-jpg_s150x150_tt6&efg=eyJ2ZW5jb2RlX3RhZyI6InByb2ZpbGVfcGljLmRqYW5nby4xMDgwLmMyIn0&_nc_ht=scontent-dfw5-2.cdninstagram.com&_nc_cat=104&_nc_oc=Q6cZ2QGYjaqnslB8724WstVpwilm3lLRk2Pex0na1c2Zo7UHOAFSL4oWc6jyuxh3R6kttz8&_nc_ohc=wqv6p2dBVs0Q7kNvwEuLJtt&_nc_gid=43D7L8gQuRx2am0vjqNx7A&edm=ANTKIIoBAAAA&ccb=7-5&oh=00_AfdrrD41kcuvIfnhIEDF17_hZpRL8UalgbCUZmDxvFyALA&oe=6909560B&_nc_sid=d885a2""}]",3709850095589639310,https://scontent-dfw5-1.cdninstagram.com/v/t51.2885-15/540236699_1306835884450745_2849110085030498686_n.jpg?stp=dst-jpg_e15_tt6&efg=eyJ2ZW5jb2RlX3RhZyI6ImltYWdlX3VybGdlbi42NDB4MTEzNi5zZHIuZjcxODc4Lm5mcmFtZV9jb3Zlcl9mcmFtZS5jMiJ9&_nc_ht=scontent-dfw5-1.cdninstagram.com&_nc_cat=105&_nc_oc=Q6cZ2QGYjaqnslB8724WstVpwilm3lLRk2Pex0na1c2Zo7UHOAFSL4oWc6jyuxh3R6kttz8&_nc_ohc=o_UJ4xabAnEQ7kNvwEnc5X3&_nc_gid=43D7L8gQuRx2am0vjqNx7A&edm=ANTKIIoBAAAA&ccb=7-5&oh=00_AfcHur1pcjzHqm3zPoCfHFMEdauTejZaS6ewBduMkFCubA&oe=69096954&_nc_sid=d885a2,DN8CQGdkcSO,3709850095589639310_15507012711,clips,[],"[{""full_name"": ""íŒìŠ¤ hince"", ""id"": ""8387744445"", ""is_verified"": true, ""profile_pic_url"": ""https://scontent-dfw5-2.cdninstagram.com/v/t51.2885-19/504649116_18275008282272446_4362365957866439788_n.jpg?stp=dst-jpg_s150x150_tt6&efg=eyJ2ZW5jb2RlX3RhZyI6InByb2ZpbGVfcGljLmRqYW5nby45NDYuYzIifQ&_nc_ht=scontent-dfw5-2.cdninstagram.com&_nc_cat=1&_nc_oc=Q6cZ2QGYjaqnslB8724WstVpwilm3lLRk2Pex0na1c2Zo7UHOAFSL4oWc6jyuxh3R6kttz8&_nc_ohc=w_EkSxtHTMQQ7kNvwEbAFTP&_nc_gid=43D7L8gQuRx2am0vjqNx7A&edm=ANTKIIoBAAAA&ccb=7-5&oh=00_AfdOTE3LsGeSBUlUclhjQgXe-4doZOCsudL1oUCMBcJ0RA&oe=6909710B&_nc_sid=d885a2"", ""username"": ""hince_official""}]",55.401,https://scontent-dfw5-2.cdninstagram.com/o1/v/t2/f2/m86/AQOI9gQOmnEYsjpzCRE6JWBxlO6X1y58nD366-_XMYg64mN4THulflisiTkJZ2XjWIWmgVWvVEW3KNGu1XO-7mL4V3cZINvtt6e-Ask.mp4?_nc_cat=104&_nc_sid=5e9851&_nc_ht=scontent-dfw5-2.cdninstagram.com&_nc_ohc=56FzqGAKkHEQ7kNvwF8oSYO&efg=eyJ2ZW5jb2RlX3RhZyI6Inhwdl9wcm9ncmVzc2l2ZS5JTlNUQUdSQU0uQ0xJUFMuQzMuNzIwLmRhc2hfYmFzZWxpbmVfMV92MSIsInhwdl9hc3NldF9pZCI6MTI3MjcwMzA0ODA4OTY1NiwiYXNzZXRfYWdlX2RheXMiOjYyLCJ2aV91c2VjYXNlX2lkIjoxMDA5OSwiZHVyYXRpb25fcyI6NTUsInVybGdlbl9zb3VyY2UiOiJ3d3cifQ%3D%3D&ccb=17-1&vs=23b4788ac823846b&_nc_vs=HBksFQIYUmlnX3hwdl9yZWVsc19wZXJtYW5lbnRfc3JfcHJvZC9ENTQxN0M5MzQ3NzQ2Mzk3OUZERTlCNDcxRDhGMzFCOF92aWRlb19kYXNoaW5pdC5tcDQVAALIARIAFQIYOnBhc3N0aHJvdWdoX2V2ZXJzdG9yZS9HTXpJSXlCbFJ3MzVCYWhXQVBHZFEyMDllM2c5YnFfRUFBQUYVAgLIARIAKAAYABsCiAd1c2Vfb2lsATEScHJvZ3Jlc3NpdmVfcmVjaXBlATEVAAAm8ICw0YjhwgQVAigCQzMsF0BLszMzMzMzGBJkYXNoX2Jhc2VsaW5lXzFfdjERAHX-B2XmnQEA&_nc_gid=43D7L8gQuRx2am0vjqNx7A&_nc_zt=28&oh=00_AfdFhwtIKqFae2R0U_IpjDhboi1rAAugb8YeHMJrd88NXQ&oe=690548AD,https://www.instagram.com/reels/audio/1956106225153111,1644,17089,853,https://www.instagram.com/you_a_beauty__,False,[],False,https://scontent-dfw5-1.cdninstagram.com/v/t51.2885-19/324162400_6008910472473845_2636576922404540194_n.jpg?stp=dst-jpg_s150x150_tt6&efg=eyJ2ZW5jb2RlX3RhZyI6InByb2ZpbGVfcGljLmRqYW5nby4xMDgwLmMyIn0&_nc_ht=scontent-dfw5-1.cdninstagram.com&_nc_cat=105&_nc_oc=Q6cZ2QGYjaqnslB8724WstVpwilm3lLRk2Pex0na1c2Zo7UHOAFSL4oWc6jyuxh3R6kttz8&_nc_ohc=CQ6gLBcZtUIQ7kNvwHU2rRe&_nc_gid=43D7L8gQuRx2am0vjqNx7A&edm=ANTKIIoBAAAA&ccb=7-5&oh=00_Affqwp1cKJgQqskAiOg6rs4XJYfXgypYfnaxf1IdAv97-A&oe=69093DAC&_nc_sid=d885a2,2025-10-30T15:21:06.367Z,https://www.instagram.com/reel/DN8CQGdkcSO/,1644,17089,853
https://www.instagram.com/reel/DL9u9n1yPAS/,you_a_beauty__,"#ê´‘ê³  @mediheal_official 
360ë„ ë¹ˆí‹ˆì—†ëŠ” íƒ„ë ¥ì„ ë§Œë“¤ì–´ì¤„
í† íƒˆ ëª¨ê³µ, ë¦¬í”„íŒ… ì†”ë£¨ì…˜!
ë©”ë””í PDRN ëª¨ê³µíƒ„ë ¥ì„¸ëŸ¼ì„ ì†Œê°œí• ê²Œìš”

ì†ê´‘ì±„ì™€ ëª¨ê³µíƒ„ë ¥ê¹Œì§€ UP! í•´ì£¼ëŠ” ì œí’ˆì´ë¼
20ëŒ€ë¶€í„° ê·¸ ì´í›„ê¹Œì§€ ì‚¬ìš©í•˜ê¸° ì¢‹ì€ ì œí’ˆì¸ë°ìš”
ë©”ë””íë§Œì˜ ë¹„ê±´ PDRNìœ¼ë¡œ ìˆœí•˜ë©´ì„œë„ í™•ì‹¤í•œ íƒ„ë ¥ì„ ë³´ì—¬ì£¼ëŠ” ì œí’ˆì´ë©°
ì­‰ì­‰ ì‹¤íƒ€ë˜ì²˜ëŸ¼ ëŠ˜ì–´ë‚˜ëŠ” ì œí˜•ì´ì§€ë§Œ ë°€ì°©ì´ ë˜ë©´ ì«€ì«€í•˜ê²Œ ë§ˆë¬´ë¦¬ë˜ì–´ íƒ„íƒ„í•¨ë§Œ ë‚¨ëŠ”ë‹µë‹ˆë‹¤

#ë©”ë””í #ë©”ë””íì„¸ëŸ¼ #PDRNëª¨ê³µíƒ„ë ¥ì„¸ëŸ¼ #PDRNì„¸ëŸ¼ #pdrnì•°í”Œ #ëª¨ê³µì„¸ëŸ¼ #ëª¨ê³µì•°í”Œ #ì‹¤ë¦¬í”„íŒ…ì„¸ëŸ¼ #ì˜¬ë¦¬ë¸Œì˜ì¶”ì²œí…œ","[""#ê´‘ê³ "", ""#ë©”ë””í"", ""#ë©”ë””íì„¸ëŸ¼"", ""#PDRNëª¨ê³µíƒ„ë ¥ì„¸ëŸ¼"", ""#PDRNì„¸ëŸ¼"", ""#pdrnì•°í”Œ"", ""#ëª¨ê³µì„¸ëŸ¼"", ""#ëª¨ê³µì•°í”Œ"", ""#ì‹¤ë¦¬í”„íŒ…ì„¸ëŸ¼"", ""#ì˜¬ë¦¬ë¸Œì˜ì¶”ì²œí…œ""]",0,2025-07-11T10:44:53.000Z,-1,4,4291,[],3674299415810076690,https://scontent.cdninstagram.com/v/t51.2885-15/517407755_24038938989123588_2974337221526310289_n.jpg?stp=dst-jpg_e15_tt6&efg=eyJ2ZW5jb2RlX3RhZyI6ImltYWdlX3VybGdlbi42NDB4MTEzNi5zZHIuZjcxODc4Lm5mcmFtZV9jb3Zlcl9mcmFtZS5jMiJ9&_nc_ht=scontent.cdninstagram.com&_nc_cat=100&_nc_oc=Q6cZ2QGVSy_P6-oidATQw1t-m5QAi6_73WzO90Xp2IbLPtuCggSMQi3ZecEOD7M2Mj0kEqs&_nc_ohc=Jbfwznv3kqQQ7kNvwEWBlsL&_nc_gid=c1kaRMgk0aFKcaOj0A6euA&edm=ANTKIIoBAAAA&ccb=7-5&oh=00_AfcXhvbMe45-SbYnBiW0_b_kVUGVZFC6VptVyBZDHAO4OA&oe=6909467E&_nc_sid=d885a2,DL9u9n1yPAS,3674299415810076690_15507012711,clips,[],"[{""full_name"": ""á„†á…¦á„ƒá…µá„’á…µá†¯"", ""id"": ""1783477935"", ""is_verified"": true, ""profile_pic_url"": ""https://scontent.cdninstagram.com/v/t51.2885-19/425196770_1607713493314648_4904200610172268945_n.jpg?stp=dst-jpg_s150x150_tt6&efg=eyJ2ZW5jb2RlX3RhZyI6InByb2ZpbGVfcGljLmRqYW5nby4zMjAuYzIifQ&_nc_ht=scontent.cdninstagram.com&_nc_cat=1&_nc_oc=Q6cZ2QGVSy_P6-oidATQw1t-m5QAi6_73WzO90Xp2IbLPtuCggSMQi3ZecEOD7M2Mj0kEqs&_nc_ohc=m43ZrVmGW7oQ7kNvwFwzb4V&_nc_gid=c1kaRMgk0aFKcaOj0A6euA&edm=ANTKIIoBAAAA&ccb=7-5&oh=00_Afe-kmUpMyZqrTiJ8l28PKyvGt03K1HUodaYWEOvIfMV-Q&oe=6909546A&_nc_sid=d885a2"", ""username"": ""mediheal_official""}]",32.433,https://scontent.cdninstagram.com/o1/v/t2/f2/m86/AQOwoww9n3T7s5DPyAm3oZ6d17w4hG0M6my3pwDKmr-04I2ZeouqN7uZzTcXZXHvmb7L7Y_ZKTZoSo_AS4qlf5YIp2qgJOtmQDWcF7w.mp4?_nc_cat=111&_nc_sid=5e9851&_nc_ht=scontent.cdninstagram.com&_nc_ohc=yuk5q7VzjnwQ7kNvwGzQtYJ&efg=eyJ2ZW5jb2RlX3RhZyI6Inhwdl9wcm9ncmVzc2l2ZS5JTlNUQUdSQU0uQ0xJUFMuQzMuNzIwLmRhc2hfYmFzZWxpbmVfMV92MSIsInhwdl9hc3NldF9pZCI6MjMxMTkyMzU3NTg4OTg2OCwiYXNzZXRfYWdlX2RheXMiOjExMSwidmlfdXNlY2FzZV9pZCI6MTAwOTksImR1cmF0aW9uX3MiOjMyLCJ1cmxnZW5fc291cmNlIjoid3d3In0%3D&ccb=17-1&vs=6fb371ea39981b17&_nc_vs=HBksFQIYUmlnX3hwdl9yZWVsc19wZXJtYW5lbnRfc3JfcHJvZC80MTQ5MkNBRkE1MUI5MzE4RDYzQkY3ODRFNDEyOERCN192aWRlb19kYXNoaW5pdC5tcDQVAALIARIAFQIYOnBhc3N0aHJvdWdoX2V2ZXJzdG9yZS9HSTZpMUI1TEx0OGtfNFVDQUhFRDR5R2FjNEliYnFfRUFBQUYVAgLIARIAKAAYABsCiAd1c2Vfb2lsATEScHJvZ3Jlc3NpdmVfcmVjaXBlATEVAAAmmP_o99SrmwgVAigCQzMsF0BAN2yLQ5WBGBJkYXNoX2Jhc2VsaW5lXzFfdjERAHX-B2XmnQEA&_nc_gid=c1kaRMgk0aFKcaOj0A6euA&_nc_zt=28&oh=00_Afc_GSFG7AuF1T-PbFxxQHDb0_ADzsohchPX_dR45wzZpw&oe=69054B2C,https://www.instagram.com/reels/audio/4068122703515899,1644,17089,853,https://www.instagram.com/you_a_beauty__,False,[],False,https://scontent.cdninstagram.com/v/t51.2885-19/324162400_6008910472473845_2636576922404540194_n.jpg?stp=dst-jpg_s150x150_tt6&efg=eyJ2ZW5jb2RlX3RhZyI6InByb2ZpbGVfcGljLmRqYW5nby4xMDgwLmMyIn0&_nc_ht=scontent.cdninstagram.com&_nc_cat=105&_nc_oc=Q6cZ2QGVSy_P6-oidATQw1t-m5QAi6_73WzO90Xp2IbLPtuCggSMQi3ZecEOD7M2Mj0kEqs&_nc_ohc=CQ6gLBcZtUIQ7kNvwHA-L-7&_nc_gid=c1kaRMgk0aFKcaOj0A6euA&edm=ANTKIIoBAAAA&ccb=7-5&oh=00_AffBEWbqP7sJKjrn75HE4IjYj-42uBJbTWMgBh9GUyMjvw&oe=69093DAC&_nc_sid=d885a2,2025-10-30T15:21:06.410Z,https://www.instagram.com/reel/DL9u9n1yPAS/,1644,17089,853
https://www.instagram.com/reel/DNz74qp4jDc/,you_a_beauty__,"#ê´‘ê³  @glyfing 
ì–´ë–¤ ì…ìˆ ì´ë¼ë„ AI ê´‘íƒ ì…ìˆ  ì™„ì„±í•´ì£¼ëŠ”
ê¸€ë§† ê¸€ë£¨ ê¸€ë¡œìŠ¤ ì‹ ìƒì»¬ëŸ¬ë¥¼ ì†Œê°œí• ê²Œìš”

ëª¨ë¸Œí•œ í•‘í¬ ì»¬ëŸ¬ì˜ 07 ëª¨ë¸Œ êµ¬ë¯¸ì™€
í•ë¹› ì•ˆê°œê°€ ìƒê°ë‚˜ëŠ” 08 ìŠ¤íŒŒì´ì‹œ ì‹  ì»¬ëŸ¬ë¥¼
ì‚¬ìš©í•´ì„œ ë³¼ë¥¨ ì…ìˆ ì„ ë§Œë“¤ì–´ë´¤ëŠ”ë°ìš”

ì…ìˆ ì˜ ì„¸ë¡œ ì£¼ë¦„ì„ ì´˜ì´˜íˆ ì±„ì›Œ ì–´ëŠ ê°ë„ì—ì„œ ë´ë„
ë¹„í˜„ì‹¤ì ì¸ AI ê´‘íƒ ì…ìˆ ì„ ì™„ì„±í•´ì£¼ëŠ” ì œí’ˆì´ëë‹ˆë‹¤
ì«€ë“í•˜ë©´ì„œë„ ìŠ¤í‹°í‚¤í•œ ì œí˜•ì´ í˜ëŸ¬ë‚´ë¦¼ ì—†ì´
ì…ìˆ ì— ë°€ì°©ë˜ì–´ í•˜ë£¨ì¢…ì¼ ìœ ì§€ê¹Œì§€ ê°€ëŠ¥í•´ìš”ğŸ’—

#ê¸€ë¡œìŠ¤ #ë¦½ê¸€ë¡œìŠ¤ #ê¸€ë§† #ì¿¨í†¤ #GLYF #ì—¬ë¦„ë©”ì´í¬ì—… #ì „ì†Œë¯¸í‹´íŠ¸ #ë·°ìŠ¤íƒ€ê·¸ë¨ #ì˜¤ì˜¤í‹°ë”” #ì¹´ì˜¤ìŠ¤ì»¬ë ‰ì…˜ #ì¹´ì˜¤ìŠ¤ê¸€ë¡œìŠ¤ #2ë‹¨ê¸€ë¡œìŠ¤ #íšŒì˜¤ë¦¬ê¸€ë¡œìŠ¤ #ì¹´ì„ ë‹¨ë… #kbeauty #makeup","[""#ê´‘ê³ "", ""#ê¸€ë¡œìŠ¤"", ""#ë¦½ê¸€ë¡œìŠ¤"", ""#ê¸€ë§†"", ""#ì¿¨í†¤"", ""#GLYF"", ""#ì—¬ë¦„ë©”ì´í¬ì—…"", ""#ì „ì†Œë¯¸í‹´íŠ¸"", ""#ë·°ìŠ¤íƒ€ê·¸ë¨"", ""#ì˜¤ì˜¤í‹°ë””"", ""#ì¹´ì˜¤ìŠ¤ì»¬ë ‰ì…˜"", ""#ì¹´ì˜¤ìŠ¤ê¸€ë¡œìŠ¤"", ""#2ë‹¨ê¸€ë¡œìŠ¤"", ""#íšŒì˜¤ë¦¬ê¸€ë¡œìŠ¤"", ""#ì¹´ì„ ë‹¨ë…"", ""#kbeauty"", ""#makeup""]",0,2025-08-26T08:31:52.000Z,411,1945,9488,[],3707570297090748636,https://scontent-iad3-2.cdninstagram.com/v/t51.2885-15/538977738_24471581399141151_4615090154818410972_n.jpg?stp=dst-jpg_e15_tt6&efg=eyJ2ZW5jb2RlX3RhZyI6ImltYWdlX3VybGdlbi42NDB4MTEzNi5zZHIuZjcxODc4Lm5mcmFtZV9jb3Zlcl9mcmFtZS5jMiJ9&_nc_ht=scontent-iad3-2.cdninstagram.com&_nc_cat=103&_nc_oc=Q6cZ2QEK7YF7nJqVJS8QFw5XUug1iAQ9-CuVJmpEKT1cCPX-0VKsfS3rdQArFeJirHmQCog&_nc_ohc=rUtkRCFdqxsQ7kNvwFwcKPz&_nc_gid=IRY4jyi6daK5zT-fM-nDEQ&edm=ANTKIIoBAAAA&ccb=7-5&oh=00_AfeSV0ZCxy4fAy_h4_6gYKp3qORWLKsEhsXBVo4IRnyxRg&oe=69095724&_nc_sid=d885a2,DNz74qp4jDc,3707570297090748636_15507012711,clips,[],"[{""full_name"": ""ê¸€ë§† GLYF"", ""id"": ""63903993719"", ""is_verified"": false, ""profile_pic_url"": ""https://scontent-iad3-2.cdninstagram.com/v/t51.2885-19/561829270_17926635810129720_4328761380454667204_n.jpg?stp=dst-jpg_s150x150_tt6&efg=eyJ2ZW5jb2RlX3RhZyI6InByb2ZpbGVfcGljLmRqYW5nby4xMDgwLmMyIn0&_nc_ht=scontent-iad3-2.cdninstagram.com&_nc_cat=100&_nc_oc=Q6cZ2QEK7YF7nJqVJS8QFw5XUug1iAQ9-CuVJmpEKT1cCPX-0VKsfS3rdQArFeJirHmQCog&_nc_ohc=qfka_7spdyAQ7kNvwFijBjJ&_nc_gid=IRY4jyi6daK5zT-fM-nDEQ&edm=ANTKIIoBAAAA&ccb=7-5&oh=00_Afcf_TVgfszy0WA1FHSGplrKd__aZZPdIBzcM5IsotOiXQ&oe=69094732&_nc_sid=d885a2"", ""username"": ""glyfing""}]",41.352,https://scontent-iad3-1.cdninstagram.com/o1/v/t2/f2/m86/AQN-uoVy6Ue3TdOTuTKcNw-n1lvsBnVZEgYLpNUXLatzQlbTgtqi2ALTignx-B0ovhmarJsTNJHejLLr8FbZm4HKv_HlM3Ovbf8xtvs.mp4?_nc_cat=108&_nc_sid=5e9851&_nc_ht=scontent-iad3-1.cdninstagram.com&_nc_ohc=afuGGuDTbEMQ7kNvwGu_VIs&efg=eyJ2ZW5jb2RlX3RhZyI6Inhwdl9wcm9ncmVzc2l2ZS5JTlNUQUdSQU0uQ0xJUFMuQzMuNzIwLmRhc2hfYmFzZWxpbmVfMV92MSIsInhwdl9hc3NldF9pZCI6MTI5Mjc2MzcwMjI0MTcyNCwiYXNzZXRfYWdlX2RheXMiOjY1LCJ2aV91c2VjYXNlX2lkIjoxMDA5OSwiZHVyYXRpb25fcyI6NDEsInVybGdlbl9zb3VyY2UiOiJ3d3cifQ%3D%3D&ccb=17-1&vs=83251b6c52563976&_nc_vs=HBksFQIYUmlnX3hwdl9yZWVsc19wZXJtYW5lbnRfc3JfcHJvZC9BQzRBRTU2NUI2MDQ2ODdDNjYyM0RCODU1MTdDMTg4Rl92aWRlb19kYXNoaW5pdC5tcDQVAALIARIAFQIYOnBhc3N0aHJvdWdoX2V2ZXJzdG9yZS9HT3hlN0I4eUdtSkR6eElGQUhRRndKNjdTRzF5YnFfRUFBQUYVAgLIARIAKAAYABsCiAd1c2Vfb2lsATEScHJvZ3Jlc3NpdmVfcmVjaXBlATEVAAAm-KaBlODwywQVAigCQzMsF0BEqp--dsi0GBJkYXNoX2Jhc2VsaW5lXzFfdjERAHX-B2XmnQEA&_nc_gid=IRY4jyi6daK5zT-fM-nDEQ&_nc_zt=28&oh=00_AffGbsc00uwUl8ehGj3nG_j6VED6a48WOi-B4DqGGQLhNg&oe=69054F65,https://www.instagram.com/reels/audio/1249143086072674,1644,17089,853,https://www.instagram.com/you_a_beauty__,False,[],False,https://scontent-iad3-2.cdninstagram.com/v/t51.2885-19/324162400_6008910472473845_2636576922404540194_n.jpg?stp=dst-jpg_s150x150_tt6&efg=eyJ2ZW5jb2RlX3RhZyI6InByb2ZpbGVfcGljLmRqYW5nby4xMDgwLmMyIn0&_nc_ht=scontent-iad3-2.cdninstagram.com&_nc_cat=105&_nc_oc=Q6cZ2QEK7YF7nJqVJS8QFw5XUug1iAQ9-CuVJmpEKT1cCPX-0VKsfS3rdQArFeJirHmQCog&_nc_ohc=CQ6gLBcZtUIQ7kNvwGfOrqr&_nc_gid=IRY4jyi6daK5zT-fM-nDEQ&edm=ANTKIIoBAAAA&ccb=7-5&oh=00_AfefQW_TdsegRVwCSGV-7lizvm-V59VbEyQ95G1hA1d0NQ&oe=69093DAC&_nc_sid=d885a2,2025-10-30T15:21:06.428Z,https://www.instagram.com/reel/DNz74qp4jDc/,1644,17089,853
https://www.instagram.com/reel/DNiA8qDyHjQ/,you_a_beauty__,"#ê´‘ê³  @hince_official
ë¡œì¦ˆ ë§›ì§‘ íŒìŠ¤ì—ì„œ ë‹¤ê°€ì˜¤ëŠ” ê°€ì„ì„ ë§ì´í•˜ì—¬ F/W ë¡œì¦ˆí”„ë ˆì†Œ ì»¬ë ‰ì…˜ì„ ì¶œì‹œí–ˆì–´ìš”

ë¶€ë“œëŸ½ê²Œ í¼ì§€ëŠ” ë®¤í‹°ë“œ ë¡œì¦ˆì™€ ì—ìŠ¤í”„ë ˆì†Œ ë¸Œë¼ìš´ ë ˆì´ì–´ë§ ì¡°í™”ë¡œ ë¬´ë“œìˆëŠ” ë©”ì´í¬ì—…ì„ ì™„ì„ í•´ì£¼ëŠ”ë°ìš”

ì–´ë–¤ í†¤ì—ë„ ë¶„ìœ„ê¸° ìˆëŠ” #ì–¼ë£¨ì–´ë¡œì¦ˆ ì»¬ëŸ¬ì™€
ìŒì˜ ê°€ë“ ë©”ì´í¬ì—…ì´ ê°€ëŠ¥í•œ #ëª¨ì¹´í”„ë ˆì†Œ ë‘ ê°€ì§€ ì»¬ëŸ¬ë¡œ ì¶œì‹œë˜ì—ˆìœ¼ë©°

í• ì¸í–‰ì‚¬ê¹Œì§€ ì§„í–‰í•œë‹¤ê³  í•˜ë‹ˆ ê¼­ ê°€ê¹Œìš´ ì˜¬ë¦¬ë¸Œì˜ì—ì„œ êµ¬ê²½í•´ë³´ì„¸ìš”

#hince #íŒìŠ¤ #ë¡œê¸€ë¡œìš°ì ¤í‹´íŠ¸ #íŒìŠ¤ì„€ë„ìš° #íŒìŠ¤ë¡œì¦ˆí”„ë ˆì†Œì»¬ë ‰ì…˜ #íŒìŠ¤í‹´íŠ¸ #ì²­ëŸ‰ê´‘í‹´íŠ¸ #ì„€ë„ìš°ì¶”ì²œ #ì‹±ê¸€ì¦ˆ #ì¸í’ˆì‚¬","[""#ê´‘ê³ "", ""#ì–¼ë£¨ì–´ë¡œì¦ˆ"", ""#ëª¨ì¹´í”„ë ˆì†Œ"", ""#hince"", ""#íŒìŠ¤"", ""#ë¡œê¸€ë¡œìš°ì ¤í‹´íŠ¸"", ""#íŒìŠ¤ì„€ë„ìš°"", ""#íŒìŠ¤ë¡œì¦ˆí”„ë ˆì†Œì»¬ë ‰ì…˜"", ""#íŒìŠ¤í‹´íŠ¸"", ""#ì²­ëŸ‰ê´‘í‹´íŠ¸"", ""#ì„€ë„ìš°ì¶”ì²œ"", ""#ì‹±ê¸€ì¦ˆ"", ""#ì¸í’ˆì‚¬""]",1,2025-08-19T09:26:10.000Z,-1,798,3659,"[{""comment"": ""ì¿„ì¿„ ë¶„ìœ„ê¸° ìˆê²Œ ì´ë¿Œìš”â¤ï¸"", ""user_commenting"": ""xeo.oxn"", ""date_of_comment"": ""2025-08-19T11:53:06.000Z"", ""likes"": null, ""num_replies"": 0, ""replies"": [], ""avatar"": ""https://scontent-lga3-2.cdninstagram.com/v/t51.2885-19/550447640_18040654025680129_4066278035461066350_n.jpg?stp=dst-jpg_s150x150_tt6&efg=eyJ2ZW5jb2RlX3RhZyI6InByb2ZpbGVfcGljLmRqYW5nby4xMDgwLmMyIn0&_nc_ht=scontent-lga3-2.cdninstagram.com&_nc_cat=101&_nc_oc=Q6cZ2QHaBGMZEkudW4E_stemdRBz06yRYmM3eDkdSGuVj0f7tYgdQhh-5sIT3LiOp-HTqWQ&_nc_ohc=oq5bv1hmk8sQ7kNvwGMG_K_&_nc_gid=tD6KCf6OHchvfZw__vbWcQ&edm=ANTKIIoBAAAA&ccb=7-5&oh=00_AfdplPFPiwyqKbDjjbhYg5PdBIQc7dApQ7d0jUWtELDCSg&oe=69095B31&_nc_sid=d885a2""}]",3702526011981199568,https://scontent-lga3-3.cdninstagram.com/v/t51.2885-15/534730568_1289390889394266_1577076119978258084_n.jpg?stp=dst-jpg_e15_tt6&efg=eyJ2ZW5jb2RlX3RhZyI6ImltYWdlX3VybGdlbi42NDB4MTEzNi5zZHIuZjcxODc4Lm5mcmFtZV9jb3Zlcl9mcmFtZS5jMiJ9&_nc_ht=scontent-lga3-3.cdninstagram.com&_nc_cat=106&_nc_oc=Q6cZ2QHaBGMZEkudW4E_stemdRBz06yRYmM3eDkdSGuVj0f7tYgdQhh-5sIT3LiOp-HTqWQ&_nc_ohc=_LProKhKR3UQ7kNvwEyScJF&_nc_gid=tD6KCf6OHchvfZw__vbWcQ&edm=ANTKIIoBAAAA&ccb=7-5&oh=00_AfeMqm16CPLuKq2toaRsebWf22Hz1Ztpkezj1N0VLtfscg&oe=69095AC9&_nc_sid=d885a2,DNiA8qDyHjQ,3702526011981199568_15507012711,clips,[],"[{""full_name"": ""íŒìŠ¤ hince"", ""id"": ""8387744445"", ""is_verified"": true, ""profile_pic_url"": ""https://scontent-lga3-1.cdninstagram.com/v/t51.2885-19/504649116_18275008282272446_4362365957866439788_n.jpg?stp=dst-jpg_s150x150_tt6&efg=eyJ2ZW5jb2RlX3RhZyI6InByb2ZpbGVfcGljLmRqYW5nby45NDYuYzIifQ&_nc_ht=scontent-lga3-1.cdninstagram.com&_nc_cat=102&_nc_oc=Q6cZ2QHaBGMZEkudW4E_stemdRBz06yRYmM3eDkdSGuVj0f7tYgdQhh-5sIT3LiOp-HTqWQ&_nc_ohc=w_EkSxtHTMQQ7kNvwHIocQK&_nc_gid=tD6KCf6OHchvfZw__vbWcQ&edm=ANTKIIoBAAAA&ccb=7-5&oh=00_AfeKi6cg-Ddvtxr8pJwEK12qmOUoa4x9xZyHgTuj2QscKw&oe=6909710B&_nc_sid=d885a2"", ""username"": ""hince_official""}]",38.637,https://scontent-lga3-2.cdninstagram.com/o1/v/t2/f2/m86/AQOuNh2amQZ9_Qf2xk1yTITX4wktZ-HWUsUdJhQtVb7yyv6_Dw8dphmcy4g_JxnK6xIjEkLCeEzpoFHrp4itkYl1UWVkEJYj8Usptpc.mp4?_nc_cat=101&_nc_sid=5e9851&_nc_ht=scontent-lga3-2.cdninstagram.com&_nc_ohc=nCP2R2Tyg58Q7kNvwERqJrw&efg=eyJ2ZW5jb2RlX3RhZyI6Inhwdl9wcm9ncmVzc2l2ZS5JTlNUQUdSQU0uQ0xJUFMuQzMuNzIwLmRhc2hfYmFzZWxpbmVfMV92MSIsInhwdl9hc3NldF9pZCI6MTEzMTA0ODg3ODg3NTQwMSwiYXNzZXRfYWdlX2RheXMiOjcyLCJ2aV91c2VjYXNlX2lkIjoxMDA5OSwiZHVyYXRpb25fcyI6MzgsInVybGdlbl9zb3VyY2UiOiJ3d3cifQ%3D%3D&ccb=17-1&vs=a897c8183c82c1e3&_nc_vs=HBksFQIYUmlnX3hwdl9yZWVsc19wZXJtYW5lbnRfc3JfcHJvZC82QzRGRTBCODBCRDM4MEI1ODI5N0U0RUM2NEJFMjU5RF92aWRlb19kYXNoaW5pdC5tcDQVAALIARIAFQIYOnBhc3N0aHJvdWdoX2V2ZXJzdG9yZS9HSGlyMkItX2JoTG5HaTRFQUpjaVJlOWZyMUJGYnFfRUFBQUYVAgLIARIAKAAYABsCiAd1c2Vfb2lsATEScHJvZ3Jlc3NpdmVfcmVjaXBlATEVAAAmkoyx6tqrggQVAigCQzMsF0BDUQYk3S8bGBJkYXNoX2Jhc2VsaW5lXzFfdjERAHX-B2XmnQEA&_nc_gid=tD6KCf6OHchvfZw__vbWcQ&_nc_zt=28&oh=00_AfehvxhxExCfir1tXhV4kKcGbOmtsWHf-befZkUaoeUNmQ&oe=69055672,https://www.instagram.com/reels/audio/1730961371121815,1644,17089,853,https://www.instagram.com/you_a_beauty__,False,[],False,https://scontent-lga3-2.cdninstagram.com/v/t51.2885-19/324162400_6008910472473845_2636576922404540194_n.jpg?stp=dst-jpg_s150x150_tt6&efg=eyJ2ZW5jb2RlX3RhZyI6InByb2ZpbGVfcGljLmRqYW5nby4xMDgwLmMyIn0&_nc_ht=scontent-lga3-2.cdninstagram.com&_nc_cat=105&_nc_oc=Q6cZ2QHaBGMZEkudW4E_stemdRBz06yRYmM3eDkdSGuVj0f7tYgdQhh-5sIT3LiOp-HTqWQ&_nc_ohc=CQ6gLBcZtUIQ7kNvwG1YFQ6&_nc_gid=tD6KCf6OHchvfZw__vbWcQ&edm=ANTKIIoBAAAA&ccb=7-5&oh=00_AfcCLibmaDKEk45ZxeJkzlMyWgIwQuJbZkZ4ZgJfjH6LEw&oe=69093DAC&_nc_sid=d885a2,2025-10-30T15:21:06.437Z,https://www.instagram.com/reel/DNiA8qDyHjQ/,1644,17089,853
https://www.instagram.com/reel/DQWLNjlEQ2i/,you_a_beauty__,"#ì œí’ˆì¦ì •ê´‘ê³  @espoir_makeup 
ê²¨ìš¸ì² ì—” ì•„ë¬»ë”° ë¹„ê¸€ë¡œìš° íŒŒìš´ë°ì´ì…˜ì´ì§€","[""#ì œí’ˆì¦ì •ê´‘ê³ ""]",0,2025-10-28T08:39:21.000Z,-1,48,208,[],3753236649527545250,https://scontent-den2-1.cdninstagram.com/v/t51.2885-15/571553811_4018923455036220_4119738623007352962_n.jpg?stp=dst-jpg_e15_tt6&efg=eyJ2ZW5jb2RlX3RhZyI6ImltYWdlX3VybGdlbi42NDB4MTEzNi5zZHIuZjcxODc4Lm5mcmFtZV9jb3Zlcl9mcmFtZS5jMiJ9&_nc_ht=scontent-den2-1.cdninstagram.com&_nc_cat=100&_nc_oc=Q6cZ2QHbTDtcxTBl6GU8xpF2WdPI-DEF4jzqvhRgXNMmrvXO-R7OZtyuD2O9E1qy5sO1KQE&_nc_ohc=NZVE0wB9MS4Q7kNvwF3hYJr&_nc_gid=gd2A4eumsgAXEy44enyOIQ&edm=ANTKIIoBAAAA&ccb=7-5&oh=00_AfedWujQHVQslsC0LsYno25gIYXO4xUSjVgRmN9wrdBLzQ&oe=690949EB&_nc_sid=d885a2,DQWLNjlEQ2i,3753236649527545250_15507012711,clips,[],"[{""full_name"": ""á„‹á…¦á„‰á…³á„ˆá…³á„‹á…¡ ğ—²ğ˜€ğ—½ğ—¼ğ—¶ğ—¿ ğ—¼ğ—³ğ—³ğ—¶ğ—°ğ—¶ğ—®ğ—¹"", ""id"": ""1441130399"", ""is_verified"": true, ""profile_pic_url"": ""https://scontent-den2-1.cdninstagram.com/v/t51.2885-19/408239317_658214863177605_6902342994984339261_n.jpg?stp=dst-jpg_s150x150_tt6&efg=eyJ2ZW5jb2RlX3RhZyI6InByb2ZpbGVfcGljLmRqYW5nby4xMDgwLmMyIn0&_nc_ht=scontent-den2-1.cdninstagram.com&_nc_cat=1&_nc_oc=Q6cZ2QHbTDtcxTBl6GU8xpF2WdPI-DEF4jzqvhRgXNMmrvXO-R7OZtyuD2O9E1qy5sO1KQE&_nc_ohc=EQiMfTZ6QgIQ7kNvwGOyqfn&_nc_gid=gd2A4eumsgAXEy44enyOIQ&edm=ANTKIIoBAAAA&ccb=7-5&oh=00_AffwVz16l5JrrHwNO1uxqGKP8oJpi4sZADJv4uaoeK9Ngg&oe=69096EBB&_nc_sid=d885a2"", ""username"": ""espoir_makeup""}]",40.7,https://scontent-den2-1.cdninstagram.com/o1/v/t2/f2/m86/AQNUsm4MNqajC547t-9igAuiTki-_iUVGDwUTxJxz7DWW3M_nPWVwtz5qs93aN96GoB0KRgNQYfbsHXccxyuI4cEMoUCpCmayUE9Hlc.mp4?_nc_cat=101&_nc_sid=5e9851&_nc_ht=scontent-den2-1.cdninstagram.com&_nc_ohc=3USCOmZpgSAQ7kNvwEAJ7hq&efg=eyJ2ZW5jb2RlX3RhZyI6Inhwdl9wcm9ncmVzc2l2ZS5JTlNUQUdSQU0uQ0xJUFMuQzMuNzIwLmRhc2hfYmFzZWxpbmVfMV92MSIsInhwdl9hc3NldF9pZCI6MjAwMjQ0MDEwMDU0MzE4NiwidmlfdXNlY2FzZV9pZCI6MTAwOTksImR1cmF0aW9uX3MiOjQwLCJ1cmxnZW5fc291cmNlIjoid3d3In0%3D&ccb=17-1&vs=e0f45984b3386824&_nc_vs=HBksFQIYUmlnX3hwdl9yZWVsc19wZXJtYW5lbnRfc3JfcHJvZC82RTQwRjMxNjhDRjgxRDM2ODgwODg1RTY1NjdDMzM4Rl92aWRlb19kYXNoaW5pdC5tcDQVAALIARIAFQIYOnBhc3N0aHJvdWdoX2V2ZXJzdG9yZS9HSzFKOENFM2VzOGJrNWtFQUF1THNpTElEWk1qYnN0VEFRQUYVAgLIARIAKAAYABsCiAd1c2Vfb2lsATEScHJvZ3Jlc3NpdmVfcmVjaXBlATEVAAAmpOuDrq3NjgcVAigCQzMsF0BEWZmZmZmaGBJkYXNoX2Jhc2VsaW5lXzFfdjERAHX-B2XmnQEA&_nc_gid=gd2A4eumsgAXEy44enyOIQ&_nc_zt=28&oh=00_AfcDfLTM4RLb0W5kdxCnP7D3HAtZwMV3OK4e92TC5F_fzw&oe=690554A6,https://www.instagram.com/reels/audio/1550866102593417,1644,17089,853,https://www.instagram.com/you_a_beauty__,False,[],False,https://scontent-den2-1.cdninstagram.com/v/t51.2885-19/324162400_6008910472473845_2636576922404540194_n.jpg?stp=dst-jpg_s150x150_tt6&efg=eyJ2ZW5jb2RlX3RhZyI6InByb2ZpbGVfcGljLmRqYW5nby4xMDgwLmMyIn0&_nc_ht=scontent-den2-1.cdninstagram.com&_nc_cat=105&_nc_oc=Q6cZ2QHbTDtcxTBl6GU8xpF2WdPI-DEF4jzqvhRgXNMmrvXO-R7OZtyuD2O9E1qy5sO1KQE&_nc_ohc=CQ6gLBcZtUIQ7kNvwEEBDA5&_nc_gid=gd2A4eumsgAXEy44enyOIQ&edm=ANTKIIoBAAAA&ccb=7-5&oh=00_AfftzV2pDp1cJDdwzvSSp45dwHtzmABZN5TfM8VxiXCUfA&oe=69093DAC&_nc_sid=d885a2,2025-10-30T15:21:06.437Z,https://www.instagram.com/reel/DQWLNjlEQ2i/,1644,17089,853
https://www.instagram.com/reel/DP-_WUHkYAX/,you_a_beauty__,"#ê´‘ê³  @centellian24 
ì¸ìƒí¬ë¦¼ ì„¼í…”ë¦¬ì•ˆê³¼ ë©”íƒ€ëª½ì´ ë§Œë‚¬ë‹¤?

#ì…€í…”ë¦¬ì•ˆ #ë©”íƒ€ëª½ #í¬ë¦¼ì¶”ì²œ #ë³´ìŠµí¬ë¦¼ #ë§ˆë°ì¹´í¬ë¦¼ #ê°ìª½í…Œì¹´","[""#ê´‘ê³ "", ""#ì…€í…”ë¦¬ì•ˆ"", ""#ë©”íƒ€ëª½"", ""#í¬ë¦¼ì¶”ì²œ"", ""#ë³´ìŠµí¬ë¦¼"", ""#ë§ˆë°ì¹´í¬ë¦¼"", ""#ê°ìª½í…Œì¹´""]",1,2025-10-19T08:33:17.000Z,-1,646,3321,"[{""comment"": ""ğŸ˜ğŸ˜ğŸ˜ğŸ«ŸğŸ«ŸğŸ«ŸğŸ«Ÿ"", ""user_commenting"": ""jellylotea"", ""date_of_comment"": ""2025-10-19T10:03:56.000Z"", ""likes"": null, ""num_replies"": 0, ""replies"": [], ""avatar"": ""https://scontent.cdninstagram.com/v/t51.2885-19/459161406_3400071006792054_6181002425051896991_n.jpg?stp=dst-jpg_s150x150_tt6&efg=eyJ2ZW5jb2RlX3RhZyI6InByb2ZpbGVfcGljLmRqYW5nby43MjAuYzIifQ&_nc_ht=scontent.cdninstagram.com&_nc_cat=106&_nc_oc=Q6cZ2QF2ekVZb1YUX5Fx5JGsilpdg5lgRtT6UiHJ_JktDY2v6-wS2t7sMRPDmTJVR9_03Yw&_nc_ohc=SciV9i_eN1IQ7kNvwHoKb4p&_nc_gid=E0VvEVUK2CwAsNFhlrg-MA&edm=ANTKIIoBAAAA&ccb=7-5&oh=00_AfetfgdUwkeNy8K6-2xK5gyMZZEBTlMYDKKzco48NE4mFg&oe=6909708C&_nc_sid=d885a2""}]",3746710550379331607,https://scontent.cdninstagram.com/v/t51.2885-15/566800428_1530713527955238_8478132950736893308_n.jpg?stp=dst-jpg_e15_tt6&efg=eyJ2ZW5jb2RlX3RhZyI6ImltYWdlX3VybGdlbi42NDB4MTEzNi5zZHIuZjcxODc4Lm5mcmFtZV9jb3Zlcl9mcmFtZS5jMiJ9&_nc_ht=scontent.cdninstagram.com&_nc_cat=106&_nc_oc=Q6cZ2QF2ekVZb1YUX5Fx5JGsilpdg5lgRtT6UiHJ_JktDY2v6-wS2t7sMRPDmTJVR9_03Yw&_nc_ohc=NsxjRjEHR5kQ7kNvwGq_66w&_nc_gid=E0VvEVUK2CwAsNFhlrg-MA&edm=ANTKIIoBAAAA&ccb=7-5&oh=00_Aff0xpPoEesH5H-npP9SmMQasMrWwh5-lXQLGb1P-Eo8KA&oe=690969E1&_nc_sid=d885a2,DP-_WUHkYAX,3746710550379331607_15507012711,clips,[],"[{""full_name"": ""ì„¼í…”ë¦¬ì•ˆ24, ë§ˆë°ì¹´ í”„ë¼ì„"", ""id"": ""3408581463"", ""is_verified"": false, ""profile_pic_url"": ""https://scontent.cdninstagram.com/v/t51.2885-19/116157792_328221718340103_2494813298125284711_n.jpg?stp=dst-jpg_s150x150_tt6&efg=eyJ2ZW5jb2RlX3RhZyI6InByb2ZpbGVfcGljLmRqYW5nby4xMDgwLmMyIn0&_nc_ht=scontent.cdninstagram.com&_nc_cat=1&_nc_oc=Q6cZ2QF2ekVZb1YUX5Fx5JGsilpdg5lgRtT6UiHJ_JktDY2v6-wS2t7sMRPDmTJVR9_03Yw&_nc_ohc=w50NjhJnFIcQ7kNvwHtmV51&_nc_gid=E0VvEVUK2CwAsNFhlrg-MA&edm=ANTKIIoBAAAA&ccb=7-5&oh=00_AfcaWVjciPUatdBV0F51KBWIdJSKtERIY8IeDUljGp12Cw&oe=69093BB8&_nc_sid=d885a2"", ""username"": ""centellian24""}]",40.146,https://scontent.cdninstagram.com/o1/v/t2/f2/m86/AQPK-pifiyg3AtEWDFQqzR0KC0uGxz9SUK20D1x9C6Qlc1Xr_9IOiEZbbvFHoto-nR8r2psfH91oQW9kjhJx_eTriLIvL5sg9Tasszk.mp4?_nc_cat=109&_nc_sid=5e9851&_nc_ht=scontent.cdninstagram.com&_nc_ohc=QyllTP2iRm8Q7kNvwFC22DE&efg=eyJ2ZW5jb2RlX3RhZyI6Inhwdl9wcm9ncmVzc2l2ZS5JTlNUQUdSQU0uQ0xJUFMuQzMuNzIwLmRhc2hfYmFzZWxpbmVfMV92MSIsInhwdl9hc3NldF9pZCI6MjAzODYzMDEwMzU0NDAwNCwidmlfdXNlY2FzZV9pZCI6MTAwOTksImR1cmF0aW9uX3MiOjQwLCJ1cmxnZW5fc291cmNlIjoid3d3In0%3D&ccb=17-1&vs=b33b0b05201b3de8&_nc_vs=HBksFQIYUmlnX3hwdl9yZWVsc19wZXJtYW5lbnRfc3JfcHJvZC9DNjREOTYzM0VGOTIxN0QzNkU2MTRGNDUxRUIwMDM5N192aWRlb19kYXNoaW5pdC5tcDQVAALIARIAFQIYOnBhc3N0aHJvdWdoX2V2ZXJzdG9yZS9HUGNHeGlGZ3BXd3VoUWdIQU5yTzNCaFdEZUlzYnN0VEFRQUYVAgLIARIAKAAYABsCiAd1c2Vfb2lsATEScHJvZ3Jlc3NpdmVfcmVjaXBlATEVAAAmiMOz8vGHnwcVAigCQzMsF0BEEQYk3S8bGBJkYXNoX2Jhc2VsaW5lXzFfdjERAHX-B2XmnQEA&_nc_gid=E0VvEVUK2CwAsNFhlrg-MA&_nc_zt=28&oh=00_Afc50XUOGgjkE41gpyZ7dSjmkLBsZ6T5V2mueM8KZyPOQw&oe=69054ADE,https://www.instagram.com/reels/audio/1891431965588848,1644,17089,853,https://www.instagram.com/you_a_beauty__,False,[],False,https://scontent.cdninstagram.com/v/t51.2885-19/324162400_6008910472473845_2636576922404540194_n.jpg?stp=dst-jpg_s150x150_tt6&efg=eyJ2ZW5jb2RlX3RhZyI6InByb2ZpbGVfcGljLmRqYW5nby4xMDgwLmMyIn0&_nc_ht=scontent.cdninstagram.com&_nc_cat=105&_nc_oc=Q6cZ2QF2ekVZb1YUX5Fx5JGsilpdg5lgRtT6UiHJ_JktDY2v6-wS2t7sMRPDmTJVR9_03Yw&_nc_ohc=CQ6gLBcZtUIQ7kNvwEfcG1F&_nc_gid=E0VvEVUK2CwAsNFhlrg-MA&edm=ANTKIIoBAAAA&ccb=7-5&oh=00_Aff_ykPl5adeEeTCj2X3NPc2Qz-aff1pIdGqGZUfAE63hg&oe=69093DAC&_nc_sid=d885a2,2025-10-30T15:21:06.477Z,https://www.instagram.com/reel/DP-_WUHkYAX/,1644,17089,853
https://www.instagram.com/reel/DMh5J2MSGw5/,you_a_beauty__,"#ê´‘ê³  @hince_official
íŒìŠ¤ì—ì„œ 2ë…„ë§Œì— ì‹ ìƒì¿ ì…˜ì´ ì¶œì‹œê°€ ë˜ì—ˆì–´ìš”
ì—­ëŒ€ê¸‰ ì¸ìƒ ì¿ ì…˜ ë“±ê·¹! ë§¤íŠ¸ì˜ ì»¤ë²„ë ¥ê³¼ ì§€ì†ë ¥ + ê¸€ë¡œìš°ì˜ ì˜ˆìœ ê´‘ì±„ë¥¼ ë‹´ì€ ì œí’ˆì¸ë°ìš”

ë¬´ë ¤ 72ì‹œê°„ ì§€ì†ë˜ëŠ” ì´ˆê³ ì§€ì† ë¡±ë˜ìŠ¤íŒ…ì—ë‹¤ ë¬´ë ¤ 5ê°€ì§€ì˜ ì»¬ëŸ¬ë¡œ ì¶œì‹œê°€ ë˜ì–´ ì•„ì‹œì•ˆ í”¼ë¶€ì— ë§ê²Œ ì„¬ì„¸í•˜ê²Œ ì„¤ê³„ë˜ì–´ ì„ íƒì§€ë„ upup!

í”¼ë¶€ì¥ë²½ ê°•í™”ëŠ” ë¬¼ë¡  ìˆ˜ë¶„ì§„ì •ì—ë„ ë„ì›€ì´ ë˜ë‹ˆ ê¼­ ì‚¬ìš©í•´ë³´ì„¸ìš”

#íŒìŠ¤ #íŒìŠ¤ì¿ ì…˜ #ì»¤ë²„ë§ˆìŠ¤í„°í•‘í¬ì¿ ì…˜ #ì¿ ì…˜ì¶”ì²œ #hince #ì¿ ì…˜ #ì˜¬ë¦¬ë¸Œì˜ì¿ ì…˜ #ì»¤ë§ˆí•‘ #í•‘í¬ì¿ ì…˜ #ì‹±ê¸€ì¦ˆ #ì¸í’ˆì‚¬","[""#ê´‘ê³ "", ""#íŒìŠ¤"", ""#íŒìŠ¤ì¿ ì…˜"", ""#ì»¤ë²„ë§ˆìŠ¤í„°í•‘í¬ì¿ ì…˜"", ""#ì¿ ì…˜ì¶”ì²œ"", ""#hince"", ""#ì¿ ì…˜"", ""#ì˜¬ë¦¬ë¸Œì˜ì¿ ì…˜"", ""#ì»¤ë§ˆí•‘"", ""#í•‘í¬ì¿ ì…˜"", ""#ì‹±ê¸€ì¦ˆ"", ""#ì¸í’ˆì‚¬""]",1,2025-07-25T11:47:17.000Z,-1,132,8690,"[{""comment"": ""í—‰ ì»¤ë²„ ë„ˆë¬´ ì¢‹ì€ë°ìš”..??ğŸ˜ğŸ˜"", ""user_commenting"": ""xeo.oxn"", ""date_of_comment"": ""2025-07-25T15:28:20.000Z"", ""likes"": null, ""num_replies"": 0, ""replies"": [], ""avatar"": ""https://scontent-bos5-1.cdninstagram.com/v/t51.2885-19/550447640_18040654025680129_4066278035461066350_n.jpg?stp=dst-jpg_s150x150_tt6&efg=eyJ2ZW5jb2RlX3RhZyI6InByb2ZpbGVfcGljLmRqYW5nby4xMDgwLmMyIn0&_nc_ht=scontent-bos5-1.cdninstagram.com&_nc_cat=101&_nc_oc=Q6cZ2QFTcZGWP1tGP7IBoWhub8SIOBlz8UXs8NY_xBss7mJQLFL8eQHcuFBRRXIgk5yiHws&_nc_ohc=oq5bv1hmk8sQ7kNvwH33hQU&_nc_gid=XYNg-_zWLbSmxb2Eb4aylg&edm=ANTKIIoBAAAA&ccb=7-5&oh=00_AfcZfrfGrobVco9mtASXZOSvv2Og0i51VhE2_2EgWnu0wg&oe=69095B31&_nc_sid=d885a2""}]",3684477335480331321,https://scontent-bos5-1.cdninstagram.com/v/t51.2885-15/539779756_18115015828516712_5351123576038442548_n.jpg?stp=dst-jpg_e15_tt6&efg=eyJ2ZW5jb2RlX3RhZyI6ImltYWdlX3VybGdlbi43MjB4MTI4MC5zZHIuZjgyNzg3LmRlZmF1bHRfY292ZXJfZnJhbWUuYzIifQ&_nc_ht=scontent-bos5-1.cdninstagram.com&_nc_cat=108&_nc_oc=Q6cZ2QFTcZGWP1tGP7IBoWhub8SIOBlz8UXs8NY_xBss7mJQLFL8eQHcuFBRRXIgk5yiHws&_nc_ohc=TdBl-yRriZQQ7kNvwFFFIvG&_nc_gid=XYNg-_zWLbSmxb2Eb4aylg&edm=ANTKIIoBAAAA&ccb=7-5&oh=00_Afcu37xWcX6CypKOBeTpfAMLIdhqmawFF3HlvptyNxNhFA&oe=69094311&_nc_sid=d885a2,DMh5J2MSGw5,3684477335480331321_15507012711,clips,[],"[{""full_name"": ""íŒìŠ¤ hince"", ""id"": ""8387744445"", ""is_verified"": true, ""profile_pic_url"": ""https://scontent-bos5-1.cdninstagram.com/v/t51.2885-19/504649116_18275008282272446_4362365957866439788_n.jpg?stp=dst-jpg_s150x150_tt6&efg=eyJ2ZW5jb2RlX3RhZyI6InByb2ZpbGVfcGljLmRqYW5nby45NDYuYzIifQ&_nc_ht=scontent-bos5-1.cdninstagram.com&_nc_cat=1&_nc_oc=Q6cZ2QFTcZGWP1tGP7IBoWhub8SIOBlz8UXs8NY_xBss7mJQLFL8eQHcuFBRRXIgk5yiHws&_nc_ohc=w_EkSxtHTMQQ7kNvwGtSwFt&_nc_gid=XYNg-_zWLbSmxb2Eb4aylg&edm=ANTKIIoBAAAA&ccb=7-5&oh=00_AffdZuo0mHA5I-WrX3pnoD_-QwDlMBWXzoCa9U7hOlcbdw&oe=6909710B&_nc_sid=d885a2"", ""username"": ""hince_official""}]",34.266,https://scontent-bos5-1.cdninstagram.com/o1/v/t2/f2/m86/AQOe3i0B1hNRJbZv6vF__6AqCcY84sQ_hcueNJzTMl_Ox1PxO3OnvhGzxEN1wQyb-uGNzSrJNWi9FERmyZJscG0bGJd0dbSZY-I8H0Q.mp4?_nc_cat=106&_nc_sid=5e9851&_nc_ht=scontent-bos5-1.cdninstagram.com&_nc_ohc=cr6zvHelBw0Q7kNvwHXsl1D&efg=eyJ2ZW5jb2RlX3RhZyI6Inhwdl9wcm9ncmVzc2l2ZS5JTlNUQUdSQU0uQ0xJUFMuQzMuNzIwLmRhc2hfYmFzZWxpbmVfMV92MSIsInhwdl9hc3NldF9pZCI6MTA2NzM5ODYxMjI0Njc0MiwiYXNzZXRfYWdlX2RheXMiOjk3LCJ2aV91c2VjYXNlX2lkIjoxMDA5OSwiZHVyYXRpb25fcyI6MzQsInVybGdlbl9zb3VyY2UiOiJ3d3cifQ%3D%3D&ccb=17-1&vs=bd8fa0b5ec48da93&_nc_vs=HBksFQIYUmlnX3hwdl9yZWVsc19wZXJtYW5lbnRfc3JfcHJvZC9DNTQ4RERBMTNEQTBDRjMzNzFENEYwMTZEMUZEMkM5OV92aWRlb19kYXNoaW5pdC5tcDQVAALIARIAFQIYOnBhc3N0aHJvdWdoX2V2ZXJzdG9yZS9HRF90SEJfZXhETG9oTHNDQUV2TnZ1YjJmMzBRYnFfRUFBQUYVAgLIARIAKAAYABsCiAd1c2Vfb2lsATEScHJvZ3Jlc3NpdmVfcmVjaXBlATEVAAAmrIPvseOy5QMVAigCQzMsF0BBIgxJul41GBJkYXNoX2Jhc2VsaW5lXzFfdjERAHX-B2XmnQEA&_nc_gid=XYNg-_zWLbSmxb2Eb4aylg&_nc_zt=28&oh=00_AfcUgTdpBk6fiqmrQJASu8SWWY7QzfJvbHHXa79JIRUU_A&oe=69054473,https://www.instagram.com/reels/audio/750859220610559,1644,17089,853,https://www.instagram.com/you_a_beauty__,False,[],False,https://scontent-bos5-1.cdninstagram.com/v/t51.2885-19/324162400_6008910472473845_2636576922404540194_n.jpg?stp=dst-jpg_s150x150_tt6&efg=eyJ2ZW5jb2RlX3RhZyI6InByb2ZpbGVfcGljLmRqYW5nby4xMDgwLmMyIn0&_nc_ht=scontent-bos5-1.cdninstagram.com&_nc_cat=105&_nc_oc=Q6cZ2QFTcZGWP1tGP7IBoWhub8SIOBlz8UXs8NY_xBss7mJQLFL8eQHcuFBRRXIgk5yiHws&_nc_ohc=CQ6gLBcZtUIQ7kNvwEelEay&_nc_gid=XYNg-_zWLbSmxb2Eb4aylg&edm=ANTKIIoBAAAA&ccb=7-5&oh=00_AfduvakRmyDyvxP5d0w_W07gqjcLskyBlMSManwo9ZuVqA&oe=69093DAC&_nc_sid=d885a2,2025-10-30T15:21:06.660Z,https://www.instagram.com/reel/DMh5J2MSGw5/,1644,17089,853
https://www.instagram.com/reel/DNO7JtfSsEC/,you_a_beauty__,"#ê´‘ê³  @happybath.official 
ë“±ë“œë¦„ ë°”ë””íŠ¸ëŸ¬ë¸” ì´ì   ì•ˆë…•!
í•´í”¼ë°”ìŠ¤ì—ì„œ ëŒ€ìš©ëŸ‰ ë°”ë””ì›Œì‹œê°€ ì¶œì‹œë˜ì—ˆì–´ìš”

ì˜¬ë¦¬ë¸Œì˜ì—ì„œ ë§Œë‚˜ë³¼ ìˆ˜ ìˆìœ¼ë©° ìê·¹ì—†ì´ ë§¤ëˆí•œ í”¼ë¶€ë¥¼ ë§Œë“¤ì–´ì£¼ëŠ” ì œí’ˆì´ë¼ ì—¬ë¦„ì²  ë‹¹ë‹¹í•˜ê²Œ ìì‹ ê°ìˆëŠ” í”¼ë¶€ë¥¼ ë§Œë“¤ì–´ì£¼ëŠ”ë°ìš”

ê±´ì¡°í•¨ ì—†ì´ ì´‰ì´‰í•œ ë§ˆë¬´ë¦¬ë¡œ ë°”ë””ë¡œì…˜ì„ ë”°ë¡œ ë°”ë¥´ì§€ ì•Šì•„ë„ ê±´ì¡°í•¨ ì—†ì´ ìƒí™œì´ ê°€ëŠ¥í•´ì„œ ë„ˆë¬´ ì¢‹ë”ë¼êµ¬ìš”

#í•´í”¼ë°”ìŠ¤ #ë°”ë””ì›Œì‹œ #ë“±ë“œë¦„ #ë“±ë“œë¦„ë°”ë””ì›Œì‹œ #ë“±ë“œë¦„ê´€ë¦¬ #íŠ¸ëŸ¬ë¸” #ê°€ë“œë¦„ #ì˜¬ë¦¬ë¸Œì˜ #ì˜¬ë¦¬ë¸Œì˜ì¶”ì²œí…œ","[""#ê´‘ê³ "", ""#í•´í”¼ë°”ìŠ¤"", ""#ë°”ë””ì›Œì‹œ"", ""#ë“±ë“œë¦„"", ""#ë“±ë“œë¦„ë°”ë””ì›Œì‹œ"", ""#ë“±ë“œë¦„ê´€ë¦¬"", ""#íŠ¸ëŸ¬ë¸”"", ""#ê°€ë“œë¦„"", ""#ì˜¬ë¦¬ë¸Œì˜"", ""#ì˜¬ë¦¬ë¸Œì˜ì¶”ì²œí…œ""]",0,2025-08-11T23:29:36.000Z,-1,26,290,[],3697152496180576514,https://scontent-bos5-1.cdninstagram.com/v/t51.2885-15/530321794_634220475940073_6378783010370009024_n.jpg?stp=dst-jpg_e15_tt6&efg=eyJ2ZW5jb2RlX3RhZyI6ImltYWdlX3VybGdlbi42NDB4MTEzNi5zZHIuZjcxODc4Lm5mcmFtZV9jb3Zlcl9mcmFtZS5jMiJ9&_nc_ht=scontent-bos5-1.cdninstagram.com&_nc_cat=105&_nc_oc=Q6cZ2QEd98HcisnSYGxjanwU6MMubA4isJX6XOpZfiLWrFVOXO7jxlO_USzMCT6CoEtwQik&_nc_ohc=GXXc8BPGXosQ7kNvwEJN2ae&_nc_gid=zrFLC9g4XgdsFdgvjniIxA&edm=ANTKIIoBAAAA&ccb=7-5&oh=00_AffH5pZCtB2vE0TJT7aNKYJ9EgvCQ8d1VMMYzcALscqQAg&oe=6909493A&_nc_sid=d885a2,DNO7JtfSsEC,3697152496180576514_15507012711,clips,[],"[{""full_name"": ""á„’á…¢á„‘á…µá„‡á…¡á„‰á…³"", ""id"": ""2111218891"", ""is_verified"": true, ""profile_pic_url"": ""https://scontent-bos5-1.cdninstagram.com/v/t51.2885-19/275515947_1372103273236338_5885161760791503273_n.jpg?stp=dst-jpg_s150x150_tt6&efg=eyJ2ZW5jb2RlX3RhZyI6InByb2ZpbGVfcGljLmRqYW5nby4xMDgwLmMyIn0&_nc_ht=scontent-bos5-1.cdninstagram.com&_nc_cat=106&_nc_oc=Q6cZ2QEd98HcisnSYGxjanwU6MMubA4isJX6XOpZfiLWrFVOXO7jxlO_USzMCT6CoEtwQik&_nc_ohc=7gIUtp_vzyEQ7kNvwHMc9wh&_nc_gid=zrFLC9g4XgdsFdgvjniIxA&edm=ANTKIIoBAAAA&ccb=7-5&oh=00_AfchsIBwardICU6RBd83yt1KEnfFd3IIf-yTeA9OdIT83Q&oe=690960BE&_nc_sid=d885a2"", ""username"": ""happybath.official""}]",31.88,https://scontent-bos5-1.cdninstagram.com/o1/v/t2/f2/m86/AQP28_YDm0ioSXixybLb01yoYirtHBzvV3jJI7Buc1shBhSldTN1qk4fItTjd94nX8v_PtTvAdni8uyGHkiXuUiXkcNft3MRioWHJlg.mp4?_nc_cat=107&_nc_sid=5e9851&_nc_ht=scontent-bos5-1.cdninstagram.com&_nc_ohc=sgOfMiKsSgMQ7kNvwGOqBwH&efg=eyJ2ZW5jb2RlX3RhZyI6Inhwdl9wcm9ncmVzc2l2ZS5JTlNUQUdSQU0uQ0xJUFMuQzMuNzIwLmRhc2hfYmFzZWxpbmVfMV92MSIsInhwdl9hc3NldF9pZCI6MTQxODA0MzQzMjgwNzgwMywiYXNzZXRfYWdlX2RheXMiOjc5LCJ2aV91c2VjYXNlX2lkIjoxMDA5OSwiZHVyYXRpb25fcyI6MzEsInVybGdlbl9zb3VyY2UiOiJ3d3cifQ%3D%3D&ccb=17-1&vs=d2371475e5f2cb92&_nc_vs=HBksFQIYUmlnX3hwdl9yZWVsc19wZXJtYW5lbnRfc3JfcHJvZC83MzRGQjE4REE1NzgzREZGOTVFMkExNzhENTY0NzQ4Ml92aWRlb19kYXNoaW5pdC5tcDQVAALIARIAFQIYOnBhc3N0aHJvdWdoX2V2ZXJzdG9yZS9HTlpNcFI5UDRCSS1Qa2NDQVBkaGtZaVhtWWxNYnFfRUFBQUYVAgLIARIAKAAYABsCiAd1c2Vfb2lsATEScHJvZ3Jlc3NpdmVfcmVjaXBlATEVAAAm9rW18f7shAUVAigCQzMsF0A_3bItDlYEGBJkYXNoX2Jhc2VsaW5lXzFfdjERAHX-B2XmnQEA&_nc_gid=zrFLC9g4XgdsFdgvjniIxA&_nc_zt=28&oh=00_AffbFbitnVtbV3nsaU6uFj-_NIy-wpcaEtmrmV0aZi8Xzg&oe=69056DE4,https://www.instagram.com/reels/audio/4068122703515899,1644,17089,853,https://www.instagram.com/you_a_beauty__,False,[],False,https://scontent-bos5-1.cdninstagram.com/v/t51.2885-19/324162400_6008910472473845_2636576922404540194_n.jpg?stp=dst-jpg_s150x150_tt6&efg=eyJ2ZW5jb2RlX3RhZyI6InByb2ZpbGVfcGljLmRqYW5nby4xMDgwLmMyIn0&_nc_ht=scontent-bos5-1.cdninstagram.com&_nc_cat=105&_nc_oc=Q6cZ2QEd98HcisnSYGxjanwU6MMubA4isJX6XOpZfiLWrFVOXO7jxlO_USzMCT6CoEtwQik&_nc_ohc=CQ6gLBcZtUIQ7kNvwHmgHSJ&_nc_gid=zrFLC9g4XgdsFdgvjniIxA&edm=ANTKIIoBAAAA&ccb=7-5&oh=00_AfceyJ9NRIJJ060WBmFFIHAit2hLbiSwDXwTNJN2Edh4hw&oe=69093DAC&_nc_sid=d885a2,2025-10-30T15:21:06.666Z,https://www.instagram.com/reel/DNO7JtfSsEC/,1644,17089,853
https://www.instagram.com/reel/DLcWh1_yslx/,you_a_beauty__,"#ê´‘ê³  @niveakorea 
ë¬´ë”ìš´ ì—¬ë¦„ì²  ì¤‘ìš”í•œ ì•½ì†ì´ ìˆê±°ë‚˜
ë•€ ê±±ì •ë•Œë¬¸ì— í•˜ë£¨ê°€ ê±±ì •ì´ ë  ë•Œ ì‚¬ìš©í•˜ê¸° ì¢‹ì€ ë‹ˆë² ì•„ ë°ì˜¤ë„ë€íŠ¸ ë¡¤ì˜¨ 2ì¢…ì„ ì†Œê°œí• ê²Œìš”

- ë”ë§ˆ ì»¨íŠ¸ë¡¤ í“¨ì–´ ì„¼ì„œí‹°ë¸Œ
ê¹”ë”í•œ ë¬´í–¥ê³¼ ì €ìê·¹ í¬ë®¬ë¼ë¡œ ì œëª¨ í›„ì—ë„ ìˆœí•˜ê²Œ ì‚¬ìš© ê°€ëŠ¥
- ë“œë¼ì´ì»´í¬íŠ¸
í™”ì´íŠ¸ í”Œë¡œëŸ´ í–¥ì´ ë”í•´ì§„ íŒŒìš°ë”í–¥ìœ¼ë¡œ 
ë³´ì†¡í•œ ë§ˆë¬´ë¦¬ê°ì´ ë§Œì¡±ìŠ¤ëŸ¬ìš´ ì œí’ˆì´ì—ìš”

ì˜¤ëœ ì‹œê°„ ìœ ì§€ê°€ ë˜ë©° ì´ë¯¸ ìœ ëª…í•œ ì œí’ˆì´ë¼
í˜¸ë¶ˆí˜¸ ì—†ì´ ì‚¬ìš©í•˜ê¸° ì¢‹ì€ ì œí’ˆì´ëë‹ˆë‹¤

#ë°ì˜¤ë“œë€íŠ¸ì¶”ì²œ#ê²¨ë“œë‘ì´ë•€ëƒ„ìƒˆì œê±°#ê²¨ë“œë‘ì´ë°ì˜¤ë“œë€íŠ¸#ê²¨ë“œë‘ì´ëƒ„ìƒˆì œê±°#ë•€ëƒ„ìƒˆì œê±°#ì²´ì·¨ì œê±°#ì²´ì·¨ì¼€ì–´#ì–¸ë”ì•”ì¼€ì–´#ì‹±ê¸€ì¦ˆ#ì¸í’ˆì‚¬","[""#ê´‘ê³ "", ""#ì¸í’ˆì‚¬""]",0,2025-06-28T11:36:21.000Z,-1,7,3236,[],3664903279517288817,https://scontent-dfw5-1.cdninstagram.com/v/t51.2885-15/504685559_1432396851212161_5202285139695346055_n.jpg?stp=dst-jpg_e15_tt6&efg=eyJ2ZW5jb2RlX3RhZyI6ImltYWdlX3VybGdlbi42NDB4MTEzNi5zZHIuZjcxODc4Lm5mcmFtZV9jb3Zlcl9mcmFtZS5jMiJ9&_nc_ht=scontent-dfw5-1.cdninstagram.com&_nc_cat=101&_nc_oc=Q6cZ2QEjExWk4kH4sLzakQx85nQVSREsjT5JzphWPW6kwj_VJQdUpuQJOAHIcPvxS6rXPUI&_nc_ohc=0QCFZvPpZMIQ7kNvwFvykTs&_nc_gid=ZZyGVd11pfN7Ru3abeGzSA&edm=ANTKIIoBAAAA&ccb=7-5&oh=00_AfcU8gTarlppKnrQOpdRFfLZJx1I5Qhjjy_Wtyc8WffcBw&oe=690952E8&_nc_sid=d885a2,DLcWh1_yslx,3664903279517288817_15507012711,clips,[],[],31.733,https://scontent-dfw5-2.cdninstagram.com/o1/v/t2/f2/m86/AQMgxExb8KycjglYD0Z-rT1LPOYYr31BWLDy9BwBnUAbz7YmzafMXCgK4Lqr5W5X2T6Fl3ckrxvE_sOQaFajJLhGZ4AYqKi7iJ3XtOA.mp4?_nc_cat=104&_nc_sid=5e9851&_nc_ht=scontent-dfw5-2.cdninstagram.com&_nc_ohc=hvFyfr8GhzYQ7kNvwHiHBin&efg=eyJ2ZW5jb2RlX3RhZyI6Inhwdl9wcm9ncmVzc2l2ZS5JTlNUQUdSQU0uQ0xJUFMuQzMuNzIwLmRhc2hfYmFzZWxpbmVfMV92MSIsInhwdl9hc3NldF9pZCI6MTQwNTQwNDAwNDAzMjI0NCwiYXNzZXRfYWdlX2RheXMiOjEyNCwidmlfdXNlY2FzZV9pZCI6MTAwOTksImR1cmF0aW9uX3MiOjMxLCJ1cmxnZW5fc291cmNlIjoid3d3In0%3D&ccb=17-1&vs=b8b14ca3494f8c04&_nc_vs=HBksFQIYUmlnX3hwdl9yZWVsc19wZXJtYW5lbnRfc3JfcHJvZC8zMjQyRDdGQ0Q1MEY1MDdFN0M2MTJFMDlBODYyQzdBMV92aWRlb19kYXNoaW5pdC5tcDQVAALIARIAFQIYOnBhc3N0aHJvdWdoX2V2ZXJzdG9yZS9HRDMyT0I0MFJzNzdPRGtNQU1HUEhDOTN2SUZnYnFfRUFBQUYVAgLIARIAKAAYABsCiAd1c2Vfb2lsATEScHJvZ3Jlc3NpdmVfcmVjaXBlATEVAAAm6Pvo5qON_wQVAigCQzMsF0A_u6XjU_fPGBJkYXNoX2Jhc2VsaW5lXzFfdjERAHX-B2XmnQEA&_nc_gid=ZZyGVd11pfN7Ru3abeGzSA&_nc_zt=28&oh=00_AffOPbW_7qrj1ihk3dXFl3SFFs6RL3ay55x8JOPLSFQKUw&oe=69056945,https://www.instagram.com/reels/audio/1227698029063591,1644,17089,853,https://www.instagram.com/you_a_beauty__,False,[],False,https://scontent-dfw5-1.cdninstagram.com/v/t51.2885-19/324162400_6008910472473845_2636576922404540194_n.jpg?stp=dst-jpg_s150x150_tt6&efg=eyJ2ZW5jb2RlX3RhZyI6InByb2ZpbGVfcGljLmRqYW5nby4xMDgwLmMyIn0&_nc_ht=scontent-dfw5-1.cdninstagram.com&_nc_cat=105&_nc_oc=Q6cZ2QEjExWk4kH4sLzakQx85nQVSREsjT5JzphWPW6kwj_VJQdUpuQJOAHIcPvxS6rXPUI&_nc_ohc=CQ6gLBcZtUIQ7kNvwGZkycI&_nc_gid=ZZyGVd11pfN7Ru3abeGzSA&edm=ANTKIIoBAAAA&ccb=7-5&oh=00_Afc465ZUtaY3OARtO7H8mAg-5BqWtUsSoIefei9LtC6Z-A&oe=69093DAC&_nc_sid=d885a2,2025-10-30T15:21:06.743Z,https://www.instagram.com/reel/DLcWh1_yslx/,1644,17089,853
https://www.instagram.com/reel/DNfbIQfy6XE/,you_a_beauty__,"#ê´‘ê³  @hanyulofficial 
#í•œìœ¨ #ì‘¥íˆì•Œì„¸ëŸ¼ #ìœ ë¶„ì¡ëŠ”ìˆ˜ë¶„ #ìœ ë¶„ì¡ëŠ”ìˆ˜ë¶„ì„¸ëŸ¼ #í•œìœ¨ì‘¥íˆì•Œ #í•œìœ¨ì„¸ëŸ¼ #í•œìœ¨ìˆ˜ë¶„ì„¸ëŸ¼","[""#ê´‘ê³ "", ""#í•œìœ¨"", ""#ì‘¥íˆì•Œì„¸ëŸ¼"", ""#ìœ ë¶„ì¡ëŠ”ìˆ˜ë¶„"", ""#ìœ ë¶„ì¡ëŠ”ìˆ˜ë¶„ì„¸ëŸ¼"", ""#í•œìœ¨ì‘¥íˆì•Œ"", ""#í•œìœ¨ì„¸ëŸ¼"", ""#í•œìœ¨ìˆ˜ë¶„ì„¸ëŸ¼""]",2,2025-08-18T09:17:54.000Z,-1,460,2301,"[{""comment"": ""í•œìœ¨ ì œí’ˆ ë‹¤ í‰íƒ€ì´ìƒì´ì£ ğŸ‘"", ""user_commenting"": ""sso___cool"", ""date_of_comment"": ""2025-08-19T06:27:31.000Z"", ""likes"": null, ""num_replies"": 0, ""replies"": [], ""avatar"": ""https://scontent-lax3-2.cdninstagram.com/v/t51.2885-19/486692968_1199834781537193_1693299727536279387_n.jpg?stp=dst-jpg_s150x150_tt6&efg=eyJ2ZW5jb2RlX3RhZyI6InByb2ZpbGVfcGljLmRqYW5nby4xMDgwLmMyIn0&_nc_ht=scontent-lax3-2.cdninstagram.com&_nc_cat=101&_nc_oc=Q6cZ2QFsKJJxHFTfie4KsDFMIcvTtiFmFiGAgPP95nyBV-AqK5Bbm7KDjFSfkufgkEOQ028&_nc_ohc=hJDaicxX6jAQ7kNvwHcOfSk&_nc_gid=VJlzxENkphOiXYMS-yIm-w&edm=ANTKIIoBAAAA&ccb=7-5&oh=00_AfeiduvVhbWAnv3_XbTCtriIe34I53JJkWV17D0qQO_kVg&oe=69093A2A&_nc_sid=d885a2""}, {""comment"": ""í•œìœ¨ì´ ê¸°ì´ˆ ì§„ì§œ ì˜í•˜ë“œë¼êµ¬ìš”!!"", ""user_commenting"": ""xeo.oxn"", ""date_of_comment"": ""2025-08-18T12:50:54.000Z"", ""likes"": null, ""num_replies"": 0, ""replies"": [], ""avatar"": ""https://scontent-lax3-2.cdninstagram.com/v/t51.2885-19/550447640_18040654025680129_4066278035461066350_n.jpg?stp=dst-jpg_s150x150_tt6&efg=eyJ2ZW5jb2RlX3RhZyI6InByb2ZpbGVfcGljLmRqYW5nby4xMDgwLmMyIn0&_nc_ht=scontent-lax3-2.cdninstagram.com&_nc_cat=101&_nc_oc=Q6cZ2QFsKJJxHFTfie4KsDFMIcvTtiFmFiGAgPP95nyBV-AqK5Bbm7KDjFSfkufgkEOQ028&_nc_ohc=oq5bv1hmk8sQ7kNvwGJkmCA&_nc_gid=VJlzxENkphOiXYMS-yIm-w&edm=ANTKIIoBAAAA&ccb=7-5&oh=00_AfdR4rRhaSV53zJkff0KkWXOzN6t6X-6wIG4kCQY8qdnrA&oe=69095B31&_nc_sid=d885a2""}]",3701796733446759876,https://scontent-lax3-1.cdninstagram.com/v/t51.2885-15/534722346_743359128864826_6833958929359515915_n.jpg?stp=dst-jpg_e15_tt6&efg=eyJ2ZW5jb2RlX3RhZyI6ImltYWdlX3VybGdlbi42NDB4MTEzNi5zZHIuZjcxODc4Lm5mcmFtZV9jb3Zlcl9mcmFtZS5jMiJ9&_nc_ht=scontent-lax3-1.cdninstagram.com&_nc_cat=110&_nc_oc=Q6cZ2QFsKJJxHFTfie4KsDFMIcvTtiFmFiGAgPP95nyBV-AqK5Bbm7KDjFSfkufgkEOQ028&_nc_ohc=V9lhdZfVhyYQ7kNvwFMIITL&_nc_gid=VJlzxENkphOiXYMS-yIm-w&edm=ANTKIIoBAAAA&ccb=7-5&oh=00_Afct089094Sxnh_PBiAVMc_KZFzP0cJtFD2MgCwL_4phBg&oe=69096573&_nc_sid=d885a2,DNfbIQfy6XE,3701796733446759876_15507012711,clips,[],"[{""full_name"": ""á„’á…¡á†«á„‹á…²á†¯ | HANYUL Official"", ""id"": ""1611900259"", ""is_verified"": true, ""profile_pic_url"": ""https://scontent-lax3-2.cdninstagram.com/v/t51.2885-19/327099893_3119656304846712_2848095097217728719_n.jpg?stp=dst-jpg_s150x150_tt6&efg=eyJ2ZW5jb2RlX3RhZyI6InByb2ZpbGVfcGljLmRqYW5nby41MDAuYzIifQ&_nc_ht=scontent-lax3-2.cdninstagram.com&_nc_cat=100&_nc_oc=Q6cZ2QFsKJJxHFTfie4KsDFMIcvTtiFmFiGAgPP95nyBV-AqK5Bbm7KDjFSfkufgkEOQ028&_nc_ohc=wPyordg6jxoQ7kNvwEGwDIb&_nc_gid=VJlzxENkphOiXYMS-yIm-w&edm=ANTKIIoBAAAA&ccb=7-5&oh=00_Afe5Jr5FHhuZAc-YnU78r_zYcs6CtqjyGT500fAy-3G7tw&oe=69096B73&_nc_sid=d885a2"", ""username"": ""hanyulofficial""}]",35.873,https://scontent-lax3-1.cdninstagram.com/o1/v/t2/f2/m86/AQP6nhNiBxfFIZ1OrDzBdHiyGZWlfvUriCRjes7CYA7WoEhQ-JHeftaf6DfhBFjZmf_6VseDbfi4UTuPPHvd1CyFnTx7CA5JIWTgnSQ.mp4?_nc_cat=104&_nc_sid=5e9851&_nc_ht=scontent-lax3-1.cdninstagram.com&_nc_ohc=79uI5O7Z0ZUQ7kNvwHWIhhK&efg=eyJ2ZW5jb2RlX3RhZyI6Inhwdl9wcm9ncmVzc2l2ZS5JTlNUQUdSQU0uQ0xJUFMuQzMuNzIwLmRhc2hfYmFzZWxpbmVfMV92MSIsInhwdl9hc3NldF9pZCI6NzQzMjAwMjcxNjc2OTczLCJhc3NldF9hZ2VfZGF5cyI6NzMsInZpX3VzZWNhc2VfaWQiOjEwMDk5LCJkdXJhdGlvbl9zIjozNSwidXJsZ2VuX3NvdXJjZSI6Ind3dyJ9&ccb=17-1&vs=5699d8076f3db36b&_nc_vs=HBksFQIYUmlnX3hwdl9yZWVsc19wZXJtYW5lbnRfc3JfcHJvZC82OTQwMTc4NDk4MEU0QzVCOEQ4QkRCNzk0QzlCNzdCQ192aWRlb19kYXNoaW5pdC5tcDQVAALIARIAFQIYOnBhc3N0aHJvdWdoX2V2ZXJzdG9yZS9HUDZJdGgtX2J4czU0UXNLQUVsaEZ3M2VmSlZCYnFfRUFBQUYVAgLIARIAKAAYABsCiAd1c2Vfb2lsATEScHJvZ3Jlc3NpdmVfcmVjaXBlATEVAAAm2tiFw_n70QIVAigCQzMsF0BB7tkWhysCGBJkYXNoX2Jhc2VsaW5lXzFfdjERAHX-B2XmnQEA&_nc_gid=VJlzxENkphOiXYMS-yIm-w&_nc_zt=28&oh=00_Afd9F8fhbZl4KrYq3eUD7mjj-Kq9Un92HB4LH4b4L2YWVw&oe=690554B9,https://www.instagram.com/reels/audio/3921452361404522,1644,17089,853,https://www.instagram.com/you_a_beauty__,False,[],False,https://scontent-lax3-1.cdninstagram.com/v/t51.2885-19/324162400_6008910472473845_2636576922404540194_n.jpg?stp=dst-jpg_s150x150_tt6&efg=eyJ2ZW5jb2RlX3RhZyI6InByb2ZpbGVfcGljLmRqYW5nby4xMDgwLmMyIn0&_nc_ht=scontent-lax3-1.cdninstagram.com&_nc_cat=105&_nc_oc=Q6cZ2QFsKJJxHFTfie4KsDFMIcvTtiFmFiGAgPP95nyBV-AqK5Bbm7KDjFSfkufgkEOQ028&_nc_ohc=CQ6gLBcZtUIQ7kNvwEh4NvY&_nc_gid=VJlzxENkphOiXYMS-yIm-w&edm=ANTKIIoBAAAA&ccb=7-5&oh=00_Afeb4AYYzk5TUgIeKmhF3I6aLEqKbsrDewHX8VabJ-nZTA&oe=69093DAC&_nc_sid=d885a2,2025-10-30T15:21:06.785Z,https://www.instagram.com/reel/DNfbIQfy6XE/,1644,17089,853
https://www.instagram.com/reel/DMyrclNSsRP/,you_a_beauty__,#ì œí’ˆì œê³µ @olens_official,"[""#ì œí’ˆì œê³µ""]",0,2025-08-01T00:14:10.000Z,-1,514,9674,[],3689202124866634831,https://instagram.fphl1-1.fna.fbcdn.net/v/t51.2885-15/525787257_733398105970153_3814324306468502784_n.jpg?stp=dst-jpg_e15_tt6&efg=eyJ2ZW5jb2RlX3RhZyI6ImltYWdlX3VybGdlbi42NDB4MTEzNi5zZHIuZjcxODc4Lm5mcmFtZV9jb3Zlcl9mcmFtZS5jMiJ9&_nc_ht=instagram.fphl1-1.fna.fbcdn.net&_nc_cat=101&_nc_oc=Q6cZ2QG3_wIixwDUaq5FaBhR-44vnY7A0xsYBBWsqiZhI8AFK6bk7yDcKbfY9DDmNExZZAI&_nc_ohc=saQjSZTwnBwQ7kNvwFRyvjj&_nc_gid=JTmJ_Kg07mSWrLuyLmmtlg&edm=ANTKIIoBAAAA&ccb=7-5&oh=00_AfdNv4GexlL54esx2UwdmGqfe3GxkAOmArlKR--imdXVHQ&oe=6909501A&_nc_sid=d885a2,DMyrclNSsRP,3689202124866634831_15507012711,clips,[],"[{""full_name"": ""á„‹á…©á„…á…¦á†«á„Œá…³ OLENS"", ""id"": ""1412477863"", ""is_verified"": true, ""profile_pic_url"": ""https://instagram.fphl1-1.fna.fbcdn.net/v/t51.2885-19/121283874_110948620694460_8216350852273561112_n.jpg?stp=dst-jpg_s150x150_tt6&efg=eyJ2ZW5jb2RlX3RhZyI6InByb2ZpbGVfcGljLmRqYW5nby44MDAuYzIifQ&_nc_ht=instagram.fphl1-1.fna.fbcdn.net&_nc_cat=1&_nc_oc=Q6cZ2QG3_wIixwDUaq5FaBhR-44vnY7A0xsYBBWsqiZhI8AFK6bk7yDcKbfY9DDmNExZZAI&_nc_ohc=K3RLh8xGWjAQ7kNvwHGtCGK&_nc_gid=JTmJ_Kg07mSWrLuyLmmtlg&edm=ANTKIIoBAAAA&ccb=7-5&oh=00_AfcpotiwMSa2ymu1ukP6P8FwbMvOiJA87ntr3uXIS4l6Ug&oe=69095877&_nc_sid=d885a2"", ""username"": ""olens_official""}]",35.166,https://instagram.fphl1-1.fna.fbcdn.net/o1/v/t2/f2/m86/AQOJ5_4t1-NcCZkG1U--ihrgy2HmijI-qBa4ertLZLPzNNvF0eZIjIJIKxWloOrHl9PSgdR-o4MFF20SaXQO3LdITmucS1f7adsU6BA.mp4?_nc_cat=111&_nc_oc=Adm0WMiDvk3F0_zWl9vptrkirTVEcGZm6pCtuwUPGFQCYtcZu4coUBX1dOiEa4mLSYc&_nc_sid=5e9851&_nc_ht=instagram.fphl1-1.fna.fbcdn.net&_nc_ohc=scVPzWIlIZ8Q7kNvwFQKX4a&efg=eyJ2ZW5jb2RlX3RhZyI6Inhwdl9wcm9ncmVzc2l2ZS5JTlNUQUdSQU0uQ0xJUFMuQzMuNzIwLmRhc2hfYmFzZWxpbmVfMV92MSIsInhwdl9hc3NldF9pZCI6MTExOTY0NzAyNjc2MjQ3NywiYXNzZXRfYWdlX2RheXMiOjkwLCJ2aV91c2VjYXNlX2lkIjoxMDA5OSwiZHVyYXRpb25fcyI6MzUsInVybGdlbl9zb3VyY2UiOiJ3d3cifQ%3D%3D&ccb=17-1&vs=7896220959c39c5a&_nc_vs=HBksFQIYUmlnX3hwdl9yZWVsc19wZXJtYW5lbnRfc3JfcHJvZC9GOTQ3RjUwRjgyOTA1NERCRkE2MzVFNzk0ODVCMjQ5MF92aWRlb19kYXNoaW5pdC5tcDQVAALIARIAFQIYOnBhc3N0aHJvdWdoX2V2ZXJzdG9yZS9HUFZqVng5YmpSU3B0cVFFQUJra2VPN0l3X01lYnFfRUFBQUYVAgLIARIAKAAYABsCiAd1c2Vfb2lsATEScHJvZ3Jlc3NpdmVfcmVjaXBlATEVAAAm2svutISU_QMVAigCQzMsF0BBlT987ZFoGBJkYXNoX2Jhc2VsaW5lXzFfdjERAHX-B2XmnQEA&_nc_gid=JTmJ_Kg07mSWrLuyLmmtlg&_nc_zt=28&oh=00_AfenqFg-M8oUhWRI4D_iXM2tNp1MJh5Irqek_7GnDJVw6w&oe=69054D4C,https://www.instagram.com/reels/audio/3921452361404522,1644,17089,853,https://www.instagram.com/you_a_beauty__,False,[],False,https://instagram.fphl1-1.fna.fbcdn.net/v/t51.2885-19/324162400_6008910472473845_2636576922404540194_n.jpg?stp=dst-jpg_s150x150_tt6&efg=eyJ2ZW5jb2RlX3RhZyI6InByb2ZpbGVfcGljLmRqYW5nby4xMDgwLmMyIn0&_nc_ht=instagram.fphl1-1.fna.fbcdn.net&_nc_cat=105&_nc_oc=Q6cZ2QG3_wIixwDUaq5FaBhR-44vnY7A0xsYBBWsqiZhI8AFK6bk7yDcKbfY9DDmNExZZAI&_nc_ohc=CQ6gLBcZtUIQ7kNvwEhKnVO&_nc_gid=JTmJ_Kg07mSWrLuyLmmtlg&edm=ANTKIIoBAAAA&ccb=7-5&oh=00_AfcQPvjqAjjT3sVFB03SA5yvtwRKwbvLji1qOaLQ6TpeBA&oe=69093DAC&_nc_sid=d885a2,2025-10-30T15:21:06.890Z,https://www.instagram.com/reel/DMyrclNSsRP/,1644,17089,853
https://www.instagram.com/reel/DLVrEowzeoD/,you_a_beauty__,"#ì œí’ˆì œê³µ
íˆ¬ëª…í•œ ì»¬ëŸ¬ê°ìœ¼ë¡œ ëˆˆë¬¼ì„ í†¡!
ë–¨ì–´ëœ¨ë¦´ ê²ƒ ê°™ì€ ê·¸ë ê·¸ëŸ¬í•œ ëˆˆë¹›ì˜
ì˜¤ë Œì¦ˆ ì‹ ìƒë Œì¦ˆà²‡ ê¸€ë¡œì´í‹°ì–´ ê·¸ë ˆì´/ë¸Œë¼ìš´ ì»¬ëŸ¬ë¥¼
ì†Œê°œí• ê²Œìš”

ì€ì€í•œ í•˜ì´ë¼ì´íŠ¸ íŒ¨í„´ìœ¼ë¡œ ìŠ¬í”ˆ ì‚¬ìŠ´ ëˆˆë§ìš¸ì„ ì—°ì¶œí•´ì£¼ëŠ”ë°
ì°©ìš©ê°ê¹Œì§€ ìš°ìˆ˜í•´ì„œ ì¥ì‹œê°„ ì°©ìš©í•´ë„ ë¬´ë¦¬x
ê²Œë‹¤ê°€ ê·¸ë ˆì´ ì»¬ëŸ¬ëŠ” ë‰´ì§„ìŠ¤ í•˜ë‹ˆë Œì¦ˆë¡œë„ ìœ ëª…í•œë°ìš”

* í˜„ì¬ 6ì›” ë¦¬ë·° ì´ë²¤íŠ¸ë¥¼ ì§„í–‰ì¤‘ì´ì—ìš”
ê³µí™ˆì—ì„œ ìƒ˜í”Œë§ ì´ë²¤íŠ¸ëŠ” ë¬¼ë¡  ë‹¤ì–‘í•œ ì¦ì • ì´ë²¤íŠ¸ë¥¼
ì§„í–‰í•œë‹¤ê³  í•˜ë‹ˆ ê¼­ ì°¸ì—¬í•´ë³´ì„¸ìš”

#ì˜¤ë Œì¦ˆ #olens #ê¸€ë¡œì´í‹°ì–´ #í•˜ë‹ˆë Œì¦ˆ #ê¸€ë¡œì´ë Œì¦ˆ #ê¸€ë¡œì´í‹°ì–´ë Œì¦ˆ #ì›ë°ì´ë Œì¦ˆ #ìš¸ë¨¹ë Œì¦ˆ #í•˜ì´ë¼ì´íŠ¸ë Œì¦ˆ #ìœ ë¦¬ì•Œë Œì¦ˆ #ì˜ë¡±ë Œì¦ˆ #ë°ì¼ë¦¬ë Œì¦ˆ #ë Œì¦ˆì¶”ì²œ #ì»¬ëŸ¬ë Œì¦ˆ #ì´ë²¤íŠ¸","[""#ì œí’ˆì œê³µ"", ""#ì˜¤ë Œì¦ˆ"", ""#olens"", ""#ê¸€ë¡œì´í‹°ì–´"", ""#í•˜ë‹ˆë Œì¦ˆ"", ""#ê¸€ë¡œì´ë Œì¦ˆ"", ""#ê¸€ë¡œì´í‹°ì–´ë Œì¦ˆ"", ""#ì›ë°ì´ë Œì¦ˆ"", ""#ìš¸ë¨¹ë Œì¦ˆ"", ""#í•˜ì´ë¼ì´íŠ¸ë Œì¦ˆ"", ""#ìœ ë¦¬ì•Œë Œì¦ˆ"", ""#ì˜ë¡±ë Œì¦ˆ"", ""#ë°ì¼ë¦¬ë Œì¦ˆ"", ""#ë Œì¦ˆì¶”ì²œ"", ""#ì»¬ëŸ¬ë Œì¦ˆ"", ""#ì´ë²¤íŠ¸""]",0,2025-06-25T21:23:46.000Z,-1,148,3837,[],3663023306582125059,https://scontent.cdninstagram.com/v/t51.2885-15/513510825_1445223729939414_854862965213113854_n.jpg?stp=dst-jpg_e15_tt6&efg=eyJ2ZW5jb2RlX3RhZyI6ImltYWdlX3VybGdlbi42NDB4MTEzNi5zZHIuZjcxODc4Lm5mcmFtZV9jb3Zlcl9mcmFtZS5jMiJ9&_nc_ht=scontent.cdninstagram.com&_nc_cat=106&_nc_oc=Q6cZ2QGYr-5J6QSLVKSjx2SBSy0bAVjF4pwQswcW0iqwsXqo2TELvjjuFsHJdTJ_SkEdh64&_nc_ohc=hca3OG56T9UQ7kNvwFU_BFX&_nc_gid=jDF9vBtrjOo0NKSfGU0Dgw&edm=ANTKIIoBAAAA&ccb=7-5&oh=00_Afc-1kskFrNlOW7AUJlEK5h7ug6T2X7QilfwYUpuhMHgaw&oe=69093FC5&_nc_sid=d885a2,DLVrEowzeoD,3663023306582125059_15507012711,clips,[],[],42.233,https://scontent.cdninstagram.com/o1/v/t2/f2/m86/AQM7OYHhXen6EMePLVwG9ILJd_61B4U0qqkercQHSr_U7B9iSMCO5z0z-W8-py3BU2vH8l1J8U1P116D6tgXkzt74a-z6dIe9Eur6ec.mp4?_nc_cat=104&_nc_sid=5e9851&_nc_ht=scontent.cdninstagram.com&_nc_ohc=_FYno3fLiPAQ7kNvwFPMUeD&efg=eyJ2ZW5jb2RlX3RhZyI6Inhwdl9wcm9ncmVzc2l2ZS5JTlNUQUdSQU0uQ0xJUFMuQzMuNzIwLmRhc2hfYmFzZWxpbmVfMV92MSIsInhwdl9hc3NldF9pZCI6MTIxOTU1MzYzNjMwNDM2MCwiYXNzZXRfYWdlX2RheXMiOjEyNiwidmlfdXNlY2FzZV9pZCI6MTAwOTksImR1cmF0aW9uX3MiOjQyLCJ1cmxnZW5fc291cmNlIjoid3d3In0%3D&ccb=17-1&vs=1a786c5ba9d76c2e&_nc_vs=HBksFQIYUmlnX3hwdl9yZWVsc19wZXJtYW5lbnRfc3JfcHJvZC8zMjRBQzMyMkNBQjQzNUJBRkQzOEJFQkIyQTQzRERBRV92aWRlb19kYXNoaW5pdC5tcDQVAALIARIAFQIYOnBhc3N0aHJvdWdoX2V2ZXJzdG9yZS9HQU9hZUI3UFk5SG1mN1FDQU8tZjJoWjM4R1U4YnFfRUFBQUYVAgLIARIAKAAYABsCiAd1c2Vfb2lsATEScHJvZ3Jlc3NpdmVfcmVjaXBlATEVAAAm0Je21K7LqgQVAigCQzMsF0BFHdLxqfvnGBJkYXNoX2Jhc2VsaW5lXzFfdjERAHX-B2XmnQEA&_nc_gid=jDF9vBtrjOo0NKSfGU0Dgw&_nc_zt=28&oh=00_AfdnibGKC4YMsJJ8Mcx7NLLl0wsROsr52A1sNjJOEpfUtw&oe=69056645,https://www.instagram.com/reels/audio/1227698029063591,1644,17089,853,https://www.instagram.com/you_a_beauty__,False,[],False,https://scontent.cdninstagram.com/v/t51.2885-19/324162400_6008910472473845_2636576922404540194_n.jpg?stp=dst-jpg_s150x150_tt6&efg=eyJ2ZW5jb2RlX3RhZyI6InByb2ZpbGVfcGljLmRqYW5nby4xMDgwLmMyIn0&_nc_ht=scontent.cdninstagram.com&_nc_cat=105&_nc_oc=Q6cZ2QGYr-5J6QSLVKSjx2SBSy0bAVjF4pwQswcW0iqwsXqo2TELvjjuFsHJdTJ_SkEdh64&_nc_ohc=CQ6gLBcZtUIQ7kNvwGi-_5p&_nc_gid=jDF9vBtrjOo0NKSfGU0Dgw&edm=ANTKIIoBAAAA&ccb=7-5&oh=00_AffJYE5cOqHoxnk6QLe1FYeoT7BidH8aQNDc7qCpGjTgCg&oe=69093DAC&_nc_sid=d885a2,2025-10-30T15:21:06.894Z,https://www.instagram.com/reel/DLVrEowzeoD/,1644,17089,853
https://www.instagram.com/reel/DMM8idHybdN/,you_a_beauty__,"#ê´‘ê³  @oiad_official 
20ì°¨ ì™„íŒëœ ì˜¤ì•„ë“œ ë¦½í‹°í¬ ë“œë””ì–´ ì œê°€ ì¨ë´¤ìŠµë‹ˆë‹¹
ë°”ë¥´ê³  ë–¼ê¸°ë§Œ í•˜ë©´ ë˜ê¸° ë•Œë¬¸ì— ë¬»ì–´ë‚¨ ì—†ì´
24ì‹œê°„ ì§€ì†ë˜ëŠ” ë¦½íƒ€íˆ¬ë¼ ì •ë§ í¸í•˜ë”ë¼êµ¬ìš”

ê°€ë³ê³  ë½€ì†¡í•´ì„œ ë”ìš´ ì—¬ë¦„ì² ê³¼ ë„ˆë¬´ ì˜ ì–´ìš¸ë¦¬ë©´ì„œë„
ë‹¤ë¥¸ì œí’ˆê³¼ í•¨ê»˜ ì‚¬ìš©í•´ë„ good!
ì˜¤ëœì‹œê°„ ì§€ì†ë˜ë‹ˆ ìˆ˜ì •í™”ì¥ë„ í•„ìš”ì—†ê³ 
íŠ¹íˆë‚˜ í˜ìŠ¤í‹°ë²Œì´ë‚˜ ë¬¼ë†€ì´ í• ë•Œ ì •ë§ ì¢‹ê² ë”ë¼êµ¬ìš”ğŸ’—

ìƒ‰ìƒë„ ë‹¤ì–‘í•´ì„œ ë‹¤ìŒì— ë‹¤ë¥¸ìƒ‰ìƒìœ¼ë¡œ ì‚¬ìš©í•´ë³´ë ¤êµ¬ìš”

7/14 - 7/28 ê³µì‹ëª°ì—ì„œ ì „ì œí’ˆ ìµœëŒ€ 42%í• ì¸ ë° ë¯¸ë‹ˆ ë¦½ì˜¤ì¼ê³¼ í‚¤ë§ì„ ì¦ì •í•œë‹µë‹ˆë‹¤ğŸ©·

#ì˜¤ì•„ë“œ #ì˜¤ì•„ë“œë¦½í‹°í¬ #ë¦½í‹°í¬ #ë¦½íƒ€íˆ¬ #ë¦½í‹°ì»¤ #ì§€ì†ë ¥ì¢‹ì€í‹´íŠ¸ #ì˜¤ë²„ë¦½í‹´íŠ¸ #ì•ˆì§€ì›Œì§€ëŠ”í‹´íŠ¸ #ì•ˆì§€ì›Œì§€ëŠ”ë¦½ #ì—¬ë¦„ë¦½íƒ€íˆ¬ #ë©”ì´í¬ì—… #oiad #kbeauty","[""#ê´‘ê³ "", ""#ì˜¤ì•„ë“œ"", ""#ì˜¤ì•„ë“œë¦½í‹°í¬"", ""#ë¦½í‹°í¬"", ""#ë¦½íƒ€íˆ¬"", ""#ë¦½í‹°ì»¤"", ""#ì§€ì†ë ¥ì¢‹ì€í‹´íŠ¸"", ""#ì˜¤ë²„ë¦½í‹´íŠ¸"", ""#ì•ˆì§€ì›Œì§€ëŠ”í‹´íŠ¸"", ""#ì•ˆì§€ì›Œì§€ëŠ”ë¦½"", ""#ì—¬ë¦„ë¦½íƒ€íˆ¬"", ""#ë©”ì´í¬ì—…"", ""#oiad"", ""#kbeauty""]",0,2025-07-17T08:37:29.000Z,-1,10,4379,[],3678581246176900941,https://scontent-dfw5-2.cdninstagram.com/v/t51.2885-15/519490982_751453220867270_2813398090735577837_n.jpg?stp=dst-jpg_e15_tt6&efg=eyJ2ZW5jb2RlX3RhZyI6ImltYWdlX3VybGdlbi42NDB4MTEzNi5zZHIuZjcxODc4Lm5mcmFtZV9jb3Zlcl9mcmFtZS5jMiJ9&_nc_ht=scontent-dfw5-2.cdninstagram.com&_nc_cat=102&_nc_oc=Q6cZ2QHOFexOCvJhPIWcuRC9urqc-Ad_NQisaOyEJOO27dlj6vhM5sWWZZPf5zwQMAgiIgk&_nc_ohc=5BC39i1zcJIQ7kNvwEv0EQn&_nc_gid=iWO9TmcXZ6er0XuEx5qtnQ&edm=ANTKIIoBAAAA&ccb=7-5&oh=00_AfeeNjqjkNBhghPpqoyW7s1MAstWbKcoSKT9EUxj0BhGVg&oe=69093FE3&_nc_sid=d885a2,DMM8idHybdN,3678581246176900941_15507012711,clips,[],"[{""full_name"": ""Oiad. ì˜¤ì•„ë“œ"", ""id"": ""60018014916"", ""is_verified"": false, ""profile_pic_url"": ""https://scontent-dfw5-1.cdninstagram.com/v/t51.2885-19/483272406_632634916161871_4441902569523393330_n.jpg?stp=dst-jpg_s150x150_tt6&efg=eyJ2ZW5jb2RlX3RhZyI6InByb2ZpbGVfcGljLmRqYW5nby4xMDgwLmMyIn0&_nc_ht=scontent-dfw5-1.cdninstagram.com&_nc_cat=1&_nc_oc=Q6cZ2QHOFexOCvJhPIWcuRC9urqc-Ad_NQisaOyEJOO27dlj6vhM5sWWZZPf5zwQMAgiIgk&_nc_ohc=QT8FkewdynkQ7kNvwFi-uW4&_nc_gid=iWO9TmcXZ6er0XuEx5qtnQ&edm=ANTKIIoBAAAA&ccb=7-5&oh=00_Aff-3zNodMMyEG8Pyyw3_0hdojc_tQyVh5ujPB_NrPEDPQ&oe=69093FBB&_nc_sid=d885a2"", ""username"": ""oiad_official""}]",39.5,https://scontent-dfw5-2.cdninstagram.com/o1/v/t2/f2/m86/AQNp5tqCbTSPUi2W4E6hjQonEJe3YO6e2dN5Rlnf2ISw1Rv30IAJYju5a5l-j0fqOtgkB-38S-L5Rdbg2KPVKHH5vydief5dxjIXBuU.mp4?_nc_cat=100&_nc_sid=5e9851&_nc_ht=scontent-dfw5-2.cdninstagram.com&_nc_ohc=K4CsMfodI2YQ7kNvwE2YZeU&efg=eyJ2ZW5jb2RlX3RhZyI6Inhwdl9wcm9ncmVzc2l2ZS5JTlNUQUdSQU0uQ0xJUFMuQzMuNzIwLmRhc2hfYmFzZWxpbmVfMV92MSIsInhwdl9hc3NldF9pZCI6Nzc4MTgzMTIxMTk4NjIwLCJhc3NldF9hZ2VfZGF5cyI6MTA1LCJ2aV91c2VjYXNlX2lkIjoxMDA5OSwiZHVyYXRpb25fcyI6MzksInVybGdlbl9zb3VyY2UiOiJ3d3cifQ%3D%3D&ccb=17-1&vs=e026396db17d87f6&_nc_vs=HBksFQIYUmlnX3hwdl9yZWVsc19wZXJtYW5lbnRfc3JfcHJvZC83QTRDMDMwNkIxNDE0QkZCREMzNjMyNDhCMTlBQUFBRV92aWRlb19kYXNoaW5pdC5tcDQVAALIARIAFQIYOnBhc3N0aHJvdWdoX2V2ZXJzdG9yZS9HSWM1LWg2bGJoTVpDVG9DQUp2V3ctTEE5V0l5YnFfRUFBQUYVAgLIARIAKAAYABsCiAd1c2Vfb2lsATEScHJvZ3Jlc3NpdmVfcmVjaXBlATEVAAAmuPiSiJzw4QIVAigCQzMsF0BDwAAAAAAAGBJkYXNoX2Jhc2VsaW5lXzFfdjERAHX-B2XmnQEA&_nc_gid=iWO9TmcXZ6er0XuEx5qtnQ&_nc_zt=28&oh=00_AffMTiwFAN0XtWuDBPKSZ_n0tbFox4r6efW15Fy88tjV4w&oe=69056849,https://www.instagram.com/reels/audio/1118053897008840,1644,17089,853,https://www.instagram.com/you_a_beauty__,False,[],False,https://scontent-dfw5-1.cdninstagram.com/v/t51.2885-19/324162400_6008910472473845_2636576922404540194_n.jpg?stp=dst-jpg_s150x150_tt6&efg=eyJ2ZW5jb2RlX3RhZyI6InByb2ZpbGVfcGljLmRqYW5nby4xMDgwLmMyIn0&_nc_ht=scontent-dfw5-1.cdninstagram.com&_nc_cat=105&_nc_oc=Q6cZ2QHOFexOCvJhPIWcuRC9urqc-Ad_NQisaOyEJOO27dlj6vhM5sWWZZPf5zwQMAgiIgk&_nc_ohc=CQ6gLBcZtUIQ7kNvwGCZwq2&_nc_gid=iWO9TmcXZ6er0XuEx5qtnQ&edm=ANTKIIoBAAAA&ccb=7-5&oh=00_Aff7jQ1dSyMaCF8cUNgucR6ezRjec-vDzFvvc9N9VlFOcA&oe=69093DAC&_nc_sid=d885a2,2025-10-30T15:21:06.924Z,https://www.instagram.com/reel/DMM8idHybdN/,1644,17089,853
https://www.instagram.com/reel/DOmlJblk8cp/,you_a_beauty__,"#í˜‘ì°¬ @olens_official 
#ì˜¤ë Œì¦ˆ #olens #ë ˆì¸ë¸”ë™ #ë¬¼ê´‘ë Œì¦ˆ","[""#í˜‘ì°¬"", ""#ì˜¤ë Œì¦ˆ"", ""#olens"", ""#ë ˆì¸ë¸”ë™"", ""#ë¬¼ê´‘ë Œì¦ˆ""]",1,2025-09-15T00:32:46.000Z,-1,1190,5600,"[{""comment"": ""ë ˆì¸ë¸”ë™ ìì—°ìŠ¤ëŸ¬ì›Œì„œ ì˜ˆë»ìš”ğŸ™Œ"", ""user_commenting"": ""chiyo_towa"", ""date_of_comment"": ""2025-09-16T05:59:44.000Z"", ""likes"": null, ""num_replies"": 0, ""replies"": [], ""avatar"": ""https://instagram.fphl1-1.fna.fbcdn.net/v/t51.2885-19/538150925_18322320931232184_6548770588289795054_n.jpg?stp=dst-jpg_s150x150_tt6&efg=eyJ2ZW5jb2RlX3RhZyI6InByb2ZpbGVfcGljLmRqYW5nby4xMDgwLmMyIn0&_nc_ht=instagram.fphl1-1.fna.fbcdn.net&_nc_cat=100&_nc_oc=Q6cZ2QFG-JyIHM0DzaWmE0aYSWzmqB64mDDY6X1MJJZQlT_Z1eADIYy_mOCPFY2vf0Ok_xk&_nc_ohc=Q_IBsYBPvpkQ7kNvwG3xKs5&_nc_gid=62MZrvo5vOe8sxTVwOu7wg&edm=ANTKIIoBAAAA&ccb=7-5&oh=00_AffZVEjFtZjBizgm5kod6Oj5c9wqGf-sfLAzw8y5HNev-w&oe=69094918&_nc_sid=d885a2""}]",3721825517885966121,https://instagram.fphl1-1.fna.fbcdn.net/v/t51.2885-15/548093351_1313015210538429_8179759711388139601_n.jpg?stp=dst-jpg_e15_tt6&efg=eyJ2ZW5jb2RlX3RhZyI6ImltYWdlX3VybGdlbi42NDB4MTEzNi5zZHIuZjcxODc4Lm5mcmFtZV9jb3Zlcl9mcmFtZS5jMiJ9&_nc_ht=instagram.fphl1-1.fna.fbcdn.net&_nc_cat=109&_nc_oc=Q6cZ2QFG-JyIHM0DzaWmE0aYSWzmqB64mDDY6X1MJJZQlT_Z1eADIYy_mOCPFY2vf0Ok_xk&_nc_ohc=1WvuL773hE8Q7kNvwFYmuQD&_nc_gid=62MZrvo5vOe8sxTVwOu7wg&edm=ANTKIIoBAAAA&ccb=7-5&oh=00_AfeRY9uw8qwEaBtVk3Ux94AggnQVrwD_SWQ3gT1cJ71jvQ&oe=69093D90&_nc_sid=d885a2,DOmlJblk8cp,3721825517885966121_15507012711,clips,[],"[{""full_name"": ""á„‹á…©á„…á…¦á†«á„Œá…³ OLENS"", ""id"": ""1412477863"", ""is_verified"": true, ""profile_pic_url"": ""https://instagram.fphl1-1.fna.fbcdn.net/v/t51.2885-19/121283874_110948620694460_8216350852273561112_n.jpg?stp=dst-jpg_s150x150_tt6&efg=eyJ2ZW5jb2RlX3RhZyI6InByb2ZpbGVfcGljLmRqYW5nby44MDAuYzIifQ&_nc_ht=instagram.fphl1-1.fna.fbcdn.net&_nc_cat=1&_nc_oc=Q6cZ2QFG-JyIHM0DzaWmE0aYSWzmqB64mDDY6X1MJJZQlT_Z1eADIYy_mOCPFY2vf0Ok_xk&_nc_ohc=K3RLh8xGWjAQ7kNvwECmNhk&_nc_gid=62MZrvo5vOe8sxTVwOu7wg&edm=ANTKIIoBAAAA&ccb=7-5&oh=00_AfceHbTRCSfbDxkXaZC-EWWaP4Z7ITiPP3nODhahntcHOw&oe=69095877&_nc_sid=d885a2"", ""username"": ""olens_official""}]",33.087,https://instagram.fphl1-1.fna.fbcdn.net/o1/v/t2/f2/m86/AQNPX5OBPtyvHOd1RfGHKkLsaaP0Si7lTdp0GchCse1jaROKhvzVpXV5pSlj1RJdeK55Y1fn7RKqElnQlfR8gsXDCGhykYz2MxmFCyU.mp4?_nc_cat=109&_nc_oc=AdlXP0ew4O5Z1OIqV4KHYuAVexJxTHUE8kjDnJxbygvhf2BPE8uLymOg7JA_8F24OJc&_nc_sid=5e9851&_nc_ht=instagram.fphl1-1.fna.fbcdn.net&_nc_ohc=gwgPAqWqB4gQ7kNvwEDUfaH&efg=eyJ2ZW5jb2RlX3RhZyI6Inhwdl9wcm9ncmVzc2l2ZS5JTlNUQUdSQU0uQ0xJUFMuQzMuNzIwLmRhc2hfYmFzZWxpbmVfMV92MSIsInhwdl9hc3NldF9pZCI6MTE0MTY2OTEyNDUyODAyNSwiYXNzZXRfYWdlX2RheXMiOjQ1LCJ2aV91c2VjYXNlX2lkIjoxMDA5OSwiZHVyYXRpb25fcyI6MzMsInVybGdlbl9zb3VyY2UiOiJ3d3cifQ%3D%3D&ccb=17-1&vs=dbb8e060cd16d0a7&_nc_vs=HBksFQIYUmlnX3hwdl9yZWVsc19wZXJtYW5lbnRfc3JfcHJvZC82OTRCNEUxNTQ4RTU1N0ZGOTQwRUQ1NDIyNTBDRDdCOF92aWRlb19kYXNoaW5pdC5tcDQVAALIARIAFQIYOnBhc3N0aHJvdWdoX2V2ZXJzdG9yZS9HQmtackNDWjdubDZ2TjBDQUtEOWNGdE9jV0pDYnFfRUFBQUYVAgLIARIAKAAYABsCiAd1c2Vfb2lsATEScHJvZ3Jlc3NpdmVfcmVjaXBlATEVAAAmst7y6fGVhwQVAigCQzMsF0BAiHKwIMScGBJkYXNoX2Jhc2VsaW5lXzFfdjERAHX-B2XmnQEA&_nc_gid=62MZrvo5vOe8sxTVwOu7wg&_nc_zt=28&oh=00_AfdrVIBUQr07_tR8QnoufQdwnrbV8YnYr3JNpfv78DwArA&oe=6905776A,https://www.instagram.com/reels/audio/1155426633168091,1644,17089,853,https://www.instagram.com/you_a_beauty__,False,[],False,https://instagram.fphl1-1.fna.fbcdn.net/v/t51.2885-19/324162400_6008910472473845_2636576922404540194_n.jpg?stp=dst-jpg_s150x150_tt6&efg=eyJ2ZW5jb2RlX3RhZyI6InByb2ZpbGVfcGljLmRqYW5nby4xMDgwLmMyIn0&_nc_ht=instagram.fphl1-1.fna.fbcdn.net&_nc_cat=105&_nc_oc=Q6cZ2QFG-JyIHM0DzaWmE0aYSWzmqB64mDDY6X1MJJZQlT_Z1eADIYy_mOCPFY2vf0Ok_xk&_nc_ohc=CQ6gLBcZtUIQ7kNvwEOID-H&_nc_gid=62MZrvo5vOe8sxTVwOu7wg&edm=ANTKIIoBAAAA&ccb=7-5&oh=00_Afc8lgfYJOF3OcCFU9PTa7LUTVVwnxI6C9r-M4K96LOX2A&oe=69093DAC&_nc_sid=d885a2,2025-10-30T15:21:07.080Z,https://www.instagram.com/reel/DOmlJblk8cp/,1644,17089,853
https://www.instagram.com/reel/DOS3cK7EUDC/,you_a_beauty__,"#ê´‘ê³  @aoucosmetics 
ì•„ì´ëŒ ë¸”ëŸ¬ì…” ì—ì´ì˜¤ìœ 
ì €ë„ ì‚¬ìš©í•´ë´¤ì–´ìš”ğŸ’—
ì°¨ê³¡ì°¨ê³¡ ë°€ë¦¼ì—†ì´ ë ˆì´ì–´ë§ ë˜ë‹ˆê¹Œ
ì‚¬ìš©í•˜ê¸° ë„ˆë¬´ ì‰½ìë‚˜

#AOU #ì—ì´ì˜¤ìœ  #ì´‰ì´‰í¬ë¦¼ë¸”ëŸ¬ì…” #ì•„ì´ëŒë¸”ëŸ¬ì…” #ìˆ˜ë¶„ê´‘ì±„ì½”íŒ… #ë¸”ëŸ¬ì…”ì¶”ì²œ #ì•„ì´ëŒë©”ì´í¬ì—…","[""#ê´‘ê³ "", ""#AOU"", ""#ì—ì´ì˜¤ìœ "", ""#ì´‰ì´‰í¬ë¦¼ë¸”ëŸ¬ì…”"", ""#ì•„ì´ëŒë¸”ëŸ¬ì…”"", ""#ìˆ˜ë¶„ê´‘ì±„ì½”íŒ…"", ""#ë¸”ëŸ¬ì…”ì¶”ì²œ"", ""#ì•„ì´ëŒë©”ì´í¬ì—…""]",1,2025-09-07T08:46:34.000Z,-1,1076,5415,"[{""comment"": ""ë°€ë¦¼ì—†ì´ ì˜ ì˜¬ë¼ê°„ë‹¤ë‹ˆ ë„˜ ì¢‹ë„¤ìš”ğŸ‘"", ""user_commenting"": ""chiyo_towa"", ""date_of_comment"": ""2025-09-07T14:19:02.000Z"", ""likes"": null, ""num_replies"": 0, ""replies"": [], ""avatar"": ""https://scontent-dfw5-2.cdninstagram.com/v/t51.2885-19/538150925_18322320931232184_6548770588289795054_n.jpg?stp=dst-jpg_s150x150_tt6&efg=eyJ2ZW5jb2RlX3RhZyI6InByb2ZpbGVfcGljLmRqYW5nby4xMDgwLmMyIn0&_nc_ht=scontent-dfw5-2.cdninstagram.com&_nc_cat=100&_nc_oc=Q6cZ2QEcuC6egsztF1SFDPdh7O2d9KC3QPqMFoe_z2FpcY2zDw1HWtRqU_AsVmXaBGaKHHg&_nc_ohc=Q_IBsYBPvpkQ7kNvwH6Q0LW&_nc_gid=XsGhzfyRwmXlzUhy3jitdA&edm=ANTKIIoBAAAA&ccb=7-5&oh=00_AfdjYvWB3Y0t2JWs0o-MTLfuxa87RgFnDUgauoRqANCPOg&oe=69094918&_nc_sid=d885a2""}]",3716276470965944514,https://scontent-dfw5-2.cdninstagram.com/v/t51.2885-15/542234729_1081353360735439_6838167604317405319_n.jpg?stp=dst-jpg_e15_tt6&efg=eyJ2ZW5jb2RlX3RhZyI6ImltYWdlX3VybGdlbi42NDB4MTEzNi5zZHIuZjcxODc4Lm5mcmFtZV9jb3Zlcl9mcmFtZS5jMiJ9&_nc_ht=scontent-dfw5-2.cdninstagram.com&_nc_cat=107&_nc_oc=Q6cZ2QEcuC6egsztF1SFDPdh7O2d9KC3QPqMFoe_z2FpcY2zDw1HWtRqU_AsVmXaBGaKHHg&_nc_ohc=vnGyQdjFtpYQ7kNvwHLplIE&_nc_gid=XsGhzfyRwmXlzUhy3jitdA&edm=ANTKIIoBAAAA&ccb=7-5&oh=00_Afet2XN90IsjCycN0ZwON7a1B8pSfHH5s7fCTs-ICnWMRA&oe=69093973&_nc_sid=d885a2,DOS3cK7EUDC,3716276470965944514_15507012711,clips,[],"[{""full_name"": ""AOU ì—ì´ì˜¤ìœ "", ""id"": ""54644107358"", ""is_verified"": true, ""profile_pic_url"": ""https://scontent-dfw5-1.cdninstagram.com/v/t51.2885-19/327810473_2434130000078087_9107163080238580293_n.jpg?stp=dst-jpg_s150x150_tt6&efg=eyJ2ZW5jb2RlX3RhZyI6InByb2ZpbGVfcGljLmRqYW5nby4xMDgwLmMyIn0&_nc_ht=scontent-dfw5-1.cdninstagram.com&_nc_cat=111&_nc_oc=Q6cZ2QEcuC6egsztF1SFDPdh7O2d9KC3QPqMFoe_z2FpcY2zDw1HWtRqU_AsVmXaBGaKHHg&_nc_ohc=Kw7z4SDQIz0Q7kNvwFkuyf7&_nc_gid=XsGhzfyRwmXlzUhy3jitdA&edm=ANTKIIoBAAAA&ccb=7-5&oh=00_Afd_G1H2ex6YhUM_XKgkZT3pDZ9IVHVvZZVvBue_A6xXFA&oe=69094C32&_nc_sid=d885a2"", ""username"": ""aoucosmetics""}]",35.9,https://scontent-dfw5-2.cdninstagram.com/o1/v/t2/f2/m86/AQOxv_dB0Ffr8sgphPIYDQ38jHYsKfOeOq_ddKiWHC9KInBt_HLH04XpGcsQsSdQuHfyZM5SuxVpAm5edv3TnlvwYVX5XZ5ejmmEB1g.mp4?_nc_cat=106&_nc_sid=5e9851&_nc_ht=scontent-dfw5-2.cdninstagram.com&_nc_ohc=I882DHFdRrkQ7kNvwF3B9YW&efg=eyJ2ZW5jb2RlX3RhZyI6Inhwdl9wcm9ncmVzc2l2ZS5JTlNUQUdSQU0uQ0xJUFMuQzMuNzIwLmRhc2hfYmFzZWxpbmVfMV92MSIsInhwdl9hc3NldF9pZCI6MTkwODc3NTI4NjU2OTQyMCwiYXNzZXRfYWdlX2RheXMiOjUzLCJ2aV91c2VjYXNlX2lkIjoxMDA5OSwiZHVyYXRpb25fcyI6MzUsInVybGdlbl9zb3VyY2UiOiJ3d3cifQ%3D%3D&ccb=17-1&vs=e9f90b9f33a8b709&_nc_vs=HBksFQIYUmlnX3hwdl9yZWVsc19wZXJtYW5lbnRfc3JfcHJvZC9GRDRDQjJGQzhBN0YyRkJBMzFBREIxRDNENzVFNENCMl92aWRlb19kYXNoaW5pdC5tcDQVAALIARIAFQIYOnBhc3N0aHJvdWdoX2V2ZXJzdG9yZS9HRWkySXlDOXRJZTlBVTRGQUh2aDdjWldIYVk2YnFfRUFBQUYVAgLIARIAKAAYABsCiAd1c2Vfb2lsATEScHJvZ3Jlc3NpdmVfcmVjaXBlATEVAAAmmOfLjqyB5AYVAigCQzMsF0BB8zMzMzMzGBJkYXNoX2Jhc2VsaW5lXzFfdjERAHX-B2XmnQEA&_nc_gid=XsGhzfyRwmXlzUhy3jitdA&_nc_zt=28&oh=00_AfcrhOltS9CdTW0Kt51Ecih9EhjGbg-TFAhUCvR25KtdBg&oe=690560E7,https://www.instagram.com/reels/audio/1429911591391746,1644,17089,853,https://www.instagram.com/you_a_beauty__,False,[],False,https://scontent-dfw5-1.cdninstagram.com/v/t51.2885-19/324162400_6008910472473845_2636576922404540194_n.jpg?stp=dst-jpg_s150x150_tt6&efg=eyJ2ZW5jb2RlX3RhZyI6InByb2ZpbGVfcGljLmRqYW5nby4xMDgwLmMyIn0&_nc_ht=scontent-dfw5-1.cdninstagram.com&_nc_cat=105&_nc_oc=Q6cZ2QEcuC6egsztF1SFDPdh7O2d9KC3QPqMFoe_z2FpcY2zDw1HWtRqU_AsVmXaBGaKHHg&_nc_ohc=CQ6gLBcZtUIQ7kNvwEanRiA&_nc_gid=XsGhzfyRwmXlzUhy3jitdA&edm=ANTKIIoBAAAA&ccb=7-5&oh=00_AffBakWxIroSuu4Fi4dwvinJNDX5-zzZ4qBveYA5R7T3hQ&oe=69093DAC&_nc_sid=d885a2,2025-10-30T15:21:07.192Z,https://www.instagram.com/reel/DOS3cK7EUDC/,1644,17089,853
https://www.instagram.com/reel/DQO7qNIkTV6/,you_a_beauty__,"#ê´‘ê³  @ohui.official 
#ë°˜í†¤í† ë‹ì¿ ì…˜ #ì–¼í‹°ë°‹ì»¤ë²„ë°ë‹ˆì–´ì¿ ì…˜ #ì´‰ì´‰ê¸°ë¯¸ì¿ ì…˜ #ì˜¤íœ˜ì¿ ì…˜ #ì˜¤íœ˜ì–¼í‹°ë°‹ì¿ ì…˜ #ì°©ë¶™ì»¬ëŸ¬","[""#ê´‘ê³ "", ""#ë°˜í†¤í† ë‹ì¿ ì…˜"", ""#ì–¼í‹°ë°‹ì»¤ë²„ë°ë‹ˆì–´ì¿ ì…˜"", ""#ì´‰ì´‰ê¸°ë¯¸ì¿ ì…˜"", ""#ì˜¤íœ˜ì¿ ì…˜"", ""#ì˜¤íœ˜ì–¼í‹°ë°‹ì¿ ì…˜"", ""#ì°©ë¶™ì»¬ëŸ¬""]",2,2025-10-25T13:09:25.000Z,-1,80,332,"[{""comment"": ""ì™€ ì´ê±° ë„ˆë¬´ ì¢‹ì€ë°ìš”â¤ï¸â¤ï¸"", ""user_commenting"": ""hozzui"", ""date_of_comment"": ""2025-10-26T13:35:59.000Z"", ""likes"": null, ""num_replies"": 0, ""replies"": [], ""avatar"": ""https://instagram.fsjc1-3.fna.fbcdn.net/v/t51.2885-19/449327301_1242010823911948_839967932002983219_n.jpg?stp=dst-jpg_s150x150_tt6&efg=eyJ2ZW5jb2RlX3RhZyI6InByb2ZpbGVfcGljLmRqYW5nby4xMDgwLmMyIn0&_nc_ht=instagram.fsjc1-3.fna.fbcdn.net&_nc_cat=104&_nc_oc=Q6cZ2QGA9OZLA8FMKvzWZQUpIFVwu7pUNtvBvmNoQyo07mML3F0rvLmhANyBQOkfVQEk-lw&_nc_ohc=wqv6p2dBVs0Q7kNvwH5yOFU&_nc_gid=zzXxkbZCuimlFyKY_BABTw&edm=ANTKIIoBAAAA&ccb=7-5&oh=00_Afd_0X0RWabVaSxnw-xdyUAfsdtjd5tuEDz9xzZvy1rL-w&oe=6909560B&_nc_sid=d885a2""}, {""comment"": ""ì—„ì²­ì´‰ì´‰ ì´ˆë°€ì°©ì´ë„¤ìš” ğŸ«¢ğŸ‘ğŸ»"", ""user_commenting"": ""yoonlocal"", ""date_of_comment"": ""2025-10-26T02:12:44.000Z"", ""likes"": null, ""num_replies"": 0, ""replies"": [], ""avatar"": ""https://instagram.fsjc1-3.fna.fbcdn.net/v/t51.2885-19/472903509_952093296868823_4836062861626110432_n.jpg?stp=dst-jpg_s150x150_tt6&efg=eyJ2ZW5jb2RlX3RhZyI6InByb2ZpbGVfcGljLmRqYW5nby4xMDgwLmMyIn0&_nc_ht=instagram.fsjc1-3.fna.fbcdn.net&_nc_cat=111&_nc_oc=Q6cZ2QGA9OZLA8FMKvzWZQUpIFVwu7pUNtvBvmNoQyo07mML3F0rvLmhANyBQOkfVQEk-lw&_nc_ohc=wdJWPpUPmaAQ7kNvwEhZtNU&_nc_gid=zzXxkbZCuimlFyKY_BABTw&edm=ANTKIIoBAAAA&ccb=7-5&oh=00_AfebxC7xnf_TqMjT4r5ljvDUJ-F7-S8vQiXvaRcYZBGCcA&oe=690951C4&_nc_sid=d885a2""}]",3751197924710757754,https://instagram.fsjc1-3.fna.fbcdn.net/v/t51.2885-15/571791114_1155641822660940_8484671583295095787_n.jpg?stp=dst-jpg_e15_tt6&efg=eyJ2ZW5jb2RlX3RhZyI6ImltYWdlX3VybGdlbi42NDB4MTEzNi5zZHIuZjcxODc4Lm5mcmFtZV9jb3Zlcl9mcmFtZS5jMiJ9&_nc_ht=instagram.fsjc1-3.fna.fbcdn.net&_nc_cat=100&_nc_oc=Q6cZ2QGA9OZLA8FMKvzWZQUpIFVwu7pUNtvBvmNoQyo07mML3F0rvLmhANyBQOkfVQEk-lw&_nc_ohc=Aeu_HQw7iloQ7kNvwHkjJVO&_nc_gid=zzXxkbZCuimlFyKY_BABTw&edm=ANTKIIoBAAAA&ccb=7-5&oh=00_AfdV94Q2b6GebyZ4Fg53-EPv90uU4cwQ0W_oSfKJiphYug&oe=6909569B&_nc_sid=d885a2,DQO7qNIkTV6,3751197924710757754_15507012711,clips,[],"[{""full_name"": ""á„‹á…©á„’á…± OHUI Official"", ""id"": ""1815645785"", ""is_verified"": true, ""profile_pic_url"": ""https://instagram.fsjc1-3.fna.fbcdn.net/v/t51.2885-19/387693459_820187626564788_6624591139549179049_n.jpg?stp=dst-jpg_s150x150_tt6&efg=eyJ2ZW5jb2RlX3RhZyI6InByb2ZpbGVfcGljLmRqYW5nby40MDkuYzIifQ&_nc_ht=instagram.fsjc1-3.fna.fbcdn.net&_nc_cat=1&_nc_oc=Q6cZ2QGA9OZLA8FMKvzWZQUpIFVwu7pUNtvBvmNoQyo07mML3F0rvLmhANyBQOkfVQEk-lw&_nc_ohc=jNyHT3jK3NoQ7kNvwHnXdad&_nc_gid=zzXxkbZCuimlFyKY_BABTw&edm=ANTKIIoBAAAA&ccb=7-5&oh=00_AfeDw-yM-dNbJoRsng9NlcFm4H6-V1Uo3emH7ASu6gYW4w&oe=69094F6D&_nc_sid=d885a2"", ""username"": ""ohui.official""}]",38.171,https://instagram.fsjc1-3.fna.fbcdn.net/o1/v/t2/f2/m86/AQMlAjO6lTjNBl8b-ndmGYU0iVlnFznoPyE4yhiI62FiWxNppQ8iSKgYdCJh87yFh8cjvGUpXl6nAkAmaoP9qNH4aqNKCqGWWD7tphg.mp4?_nc_cat=107&_nc_oc=AdnXHd0jhh9DqnumwCmweLY5RyTAe1-qxbFlP3p_LX9tLoP0rzuIq8WayZgTBqb-2EU&_nc_sid=5e9851&_nc_ht=instagram.fsjc1-3.fna.fbcdn.net&_nc_ohc=xllro6QCgbEQ7kNvwE7rPqB&efg=eyJ2ZW5jb2RlX3RhZyI6Inhwdl9wcm9ncmVzc2l2ZS5JTlNUQUdSQU0uQ0xJUFMuQzMuNzIwLmRhc2hfYmFzZWxpbmVfMV92MSIsInhwdl9hc3NldF9pZCI6ODA0NzQxOTMyMzI3NzM2LCJ2aV91c2VjYXNlX2lkIjoxMDA5OSwiZHVyYXRpb25fcyI6MzgsInVybGdlbl9zb3VyY2UiOiJ3d3cifQ%3D%3D&ccb=17-1&vs=f23ae92cbb578f4a&_nc_vs=HBksFQIYUmlnX3hwdl9yZWVsc19wZXJtYW5lbnRfc3JfcHJvZC83MDRBMTVERjQ3MjAwNjgzNDkzQTNDOTM0MkEyQkQ4Ql92aWRlb19kYXNoaW5pdC5tcDQVAALIARIAFQIYOnBhc3N0aHJvdWdoX2V2ZXJzdG9yZS9HR0NRX1NFZkV2UWxvUXdQQUlrMXlNbUkxN0lQYnN0VEFRQUYVAgLIARIAKAAYABsCiAd1c2Vfb2lsATEScHJvZ3Jlc3NpdmVfcmVjaXBlATEVAAAm8IyZ0JL67QIVAigCQzMsF0BDFT987ZFoGBJkYXNoX2Jhc2VsaW5lXzFfdjERAHX-B2XmnQEA&_nc_gid=zzXxkbZCuimlFyKY_BABTw&_nc_zt=28&oh=00_Afc0B1__J_RFeYId2RY1efGRuVyQNZcLrdCWhWaTkbwu5Q&oe=690563A8,https://www.instagram.com/reels/audio/283352803821767,1644,17089,853,https://www.instagram.com/you_a_beauty__,False,[],False,https://instagram.fsjc1-3.fna.fbcdn.net/v/t51.2885-19/324162400_6008910472473845_2636576922404540194_n.jpg?stp=dst-jpg_s150x150_tt6&efg=eyJ2ZW5jb2RlX3RhZyI6InByb2ZpbGVfcGljLmRqYW5nby4xMDgwLmMyIn0&_nc_ht=instagram.fsjc1-3.fna.fbcdn.net&_nc_cat=105&_nc_oc=Q6cZ2QGA9OZLA8FMKvzWZQUpIFVwu7pUNtvBvmNoQyo07mML3F0rvLmhANyBQOkfVQEk-lw&_nc_ohc=CQ6gLBcZtUIQ7kNvwHaA2IE&_nc_gid=zzXxkbZCuimlFyKY_BABTw&edm=ANTKIIoBAAAA&ccb=7-5&oh=00_Afc7okA5ifijRQrO40WLrymDQzdDF-gQLvS-qFqK0VaMTw&oe=69093DAC&_nc_sid=d885a2,2025-10-30T15:21:07.339Z,https://www.instagram.com/reel/DQO7qNIkTV6/,1644,17089,853
https://www.instagram.com/reel/DMWTrijyVBV/,you_a_beauty__,"#ê´‘ê³  @dongkook_healthcare @gs25_official 
7ì›” í•œ ë‹¬ ë™ì•ˆ gs25ë¡œ ë‹¬ë ¤ê°€ì•¼í•˜ëŠ” ì´ìœ !
ë°”ë¡œ ì‹ ë¢°ê° ê°€ë“í•œ ì œì•½ì‚¬ í™”ì¥í’ˆì¸ ë§ˆë°ì¹´21ì„ ë‹¨ë… 3ì²œì›ì— ë§Œë‚  ìˆ˜ ìˆëŠ”ë°ìš”

ì œí’ˆ 3ê°œ êµ¬ë§¤ì‹œ 1ê°œë¥¼ ë¬´ë£Œ ì¦ì •í•˜ê³  ìˆìœ¼ë©°
êµì°¨ ì„ íƒ ì‹œ 9ì²œì›! 1ë§Œì›ë„ ì•ˆ ë˜ëŠ” ëˆìœ¼ë¡œ ì›Œì‹œì˜¤í”„íŒ©, íŒ¨ë“œ, ì•°í”Œ, í¬ë¦¼ì„ ëª¨ë‘ êµ¬ë§¤í•  ìˆ˜ ìˆë‹¤ëŠ” ì‚¬ì‹¤

ì‘ì€ íŒŒìš°ì¹˜ë¡œ ë˜ì–´ìˆì–´ì„œ ì—¬í–‰ìš©ìœ¼ë¡œë„ ë„ˆë¬´ ê°€ì§€ê³ ë‹¤ë‹ˆê¸° ì¢‹ì€ ì œí’ˆì´ëë‹ˆë‹¤
í—¬ìŠ¤ì¥ì— ë“¤ê³ ë‹¤ë‹ˆê¸°ë„ ì¢‹ì€ ì œí’ˆì´ë¼ì„œ
íœ´ëŒ€í•˜ê¸° ì¢‹ì€ í™”ì¥í’ˆì„ ì°¾ìœ¼ì‹ ë‹¤ë©´ ë¬´ì¡°ê±´ ì¶”ì²œë“œë ¤ìš”

#ë™êµ­ì œì•½ #ë§ˆë°ì¹´21 #Madeca21 #ë§ˆë°ì¹´ #í…Œì¹´ì†Œì‚¬ì´ë“œì¹´ë° #ì›íì¹´ë°íŒ¨ë“œ #ì›íì¹´ë°ì•°í”Œ #GS25í™”ì¥í’ˆ #GS25 #í¸ì˜ì í™”ì¥í’ˆ #ê°€ì„±ë¹„ë·°í‹° #ê°€ì„±ë¹„í™”ì¥í’ˆ #ì¿¨ë§íŒ© #ì§„ì •íŒ¨ë“œ #ì§„ì •ì•°í”Œ","[""#ê´‘ê³ "", ""#ë™êµ­ì œì•½"", ""#ë§ˆë°ì¹´21"", ""#Madeca21"", ""#ë§ˆë°ì¹´"", ""#í…Œì¹´ì†Œì‚¬ì´ë“œì¹´ë°"", ""#ì›íì¹´ë°íŒ¨ë“œ"", ""#ì›íì¹´ë°ì•°í”Œ"", ""#GS25í™”ì¥í’ˆ"", ""#GS25"", ""#í¸ì˜ì í™”ì¥í’ˆ"", ""#ê°€ì„±ë¹„ë·°í‹°"", ""#ê°€ì„±ë¹„í™”ì¥í’ˆ"", ""#ì¿¨ë§íŒ©"", ""#ì§„ì •íŒ¨ë“œ"", ""#ì§„ì •ì•°í”Œ""]",0,2025-07-20T23:47:38.000Z,-1,21,1943,[],3681216300350787669,https://scontent.cdninstagram.com/v/t51.2885-15/520763869_783644033994511_7162755758662963730_n.jpg?stp=dst-jpg_e15_tt6&efg=eyJ2ZW5jb2RlX3RhZyI6ImltYWdlX3VybGdlbi42NDB4MTEzNi5zZHIuZjcxODc4Lm5mcmFtZV9jb3Zlcl9mcmFtZS5jMiJ9&_nc_ht=scontent.cdninstagram.com&_nc_cat=107&_nc_oc=Q6cZ2QH1OKG67nIwwoyi-QdAiGQP9b-pao2pCtPNo5vYxD7x679XCtHmdUyXhu9RA9uKrtM&_nc_ohc=v4DN2Mt90w0Q7kNvwEyfiK2&_nc_gid=yi60vVUFG1xZD8yjlYlQvg&edm=ANTKIIoBAAAA&ccb=7-5&oh=00_Afd5UIx_YyqVKgn_NU-K5c27QxFLciIVMa6HLMceeOexuQ&oe=69095D9F&_nc_sid=d885a2,DMWTrijyVBV,3681216300350787669_15507012711,clips,[],"[{""full_name"": ""ëŒ€í•œë¯¼êµ­ ëŒ€í‘œ í¸ì˜ì  GS25"", ""id"": ""1727992753"", ""is_verified"": true, ""profile_pic_url"": ""https://scontent.cdninstagram.com/v/t51.2885-19/571008880_18540353110056754_1390893666824574352_n.jpg?stp=dst-jpg_s150x150_tt6&efg=eyJ2ZW5jb2RlX3RhZyI6InByb2ZpbGVfcGljLmRqYW5nby45MDAuYzIifQ&_nc_ht=scontent.cdninstagram.com&_nc_cat=1&_nc_oc=Q6cZ2QH1OKG67nIwwoyi-QdAiGQP9b-pao2pCtPNo5vYxD7x679XCtHmdUyXhu9RA9uKrtM&_nc_ohc=BmfI22jxlcQQ7kNvwFpI72P&_nc_gid=yi60vVUFG1xZD8yjlYlQvg&edm=ANTKIIoBAAAA&ccb=7-5&oh=00_Afd7XD_TRRKtlU6HMI7xSwMowzg5kOMdOcd6J1HFiWezFg&oe=6909587D&_nc_sid=d885a2"", ""username"": ""gs25_official""}, {""full_name"": ""ë™êµ­ì œì•½ í—¬ìŠ¤ì¼€ì–´"", ""id"": ""21880079499"", ""is_verified"": false, ""profile_pic_url"": ""https://scontent.cdninstagram.com/v/t51.2885-19/71044742_404124477148806_6657515353968476160_n.jpg?stp=dst-jpg_s150x150_tt6&efg=eyJ2ZW5jb2RlX3RhZyI6InByb2ZpbGVfcGljLmRqYW5nby4xMDgwLmMyIn0&_nc_ht=scontent.cdninstagram.com&_nc_cat=106&_nc_oc=Q6cZ2QH1OKG67nIwwoyi-QdAiGQP9b-pao2pCtPNo5vYxD7x679XCtHmdUyXhu9RA9uKrtM&_nc_ohc=iBCgM6XJJtYQ7kNvwGrRS6s&_nc_gid=yi60vVUFG1xZD8yjlYlQvg&edm=ANTKIIoBAAAA&ccb=7-5&oh=00_Afdb3R-Ivk50NKT23TNlV-_HWMpXk_1K3YM1Jw6MRmumTA&oe=69094AE0&_nc_sid=d885a2"", ""username"": ""dongkook_healthcare""}]",47.366,https://scontent.cdninstagram.com/o1/v/t2/f2/m86/AQMkK2PKx-Ut6GJfjuDNLP6nvCYTuyvwt1soXDJsrdS2TdzRCIYVd9YMeJd8VtXkWo1GSFTyz-UWqtO7n9Hu___yuOOmfvQpmFBakr8.mp4?_nc_cat=101&_nc_sid=5e9851&_nc_ht=scontent.cdninstagram.com&_nc_ohc=GvqGk-RwAcsQ7kNvwFBb-wb&efg=eyJ2ZW5jb2RlX3RhZyI6Inhwdl9wcm9ncmVzc2l2ZS5JTlNUQUdSQU0uQ0xJUFMuQzMuNzIwLmRhc2hfYmFzZWxpbmVfMV92MSIsInhwdl9hc3NldF9pZCI6MTQ3Nzk1MzQ5MzM2MzQ5MiwiYXNzZXRfYWdlX2RheXMiOjEwMSwidmlfdXNlY2FzZV9pZCI6MTAwOTksImR1cmF0aW9uX3MiOjQ3LCJ1cmxnZW5fc291cmNlIjoid3d3In0%3D&ccb=17-1&vs=a3831de00090264b&_nc_vs=HBksFQIYUmlnX3hwdl9yZWVsc19wZXJtYW5lbnRfc3JfcHJvZC8wODRCOENBQUUzMzM2QkQxMkQ4OTBCNDI4RUNCQUNCRV92aWRlb19kYXNoaW5pdC5tcDQVAALIARIAFQIYOnBhc3N0aHJvdWdoX2V2ZXJzdG9yZS9HTW91SFJfQnhUdFhac1lEQU91U2JfY2JHcEVQYnFfRUFBQUYVAgLIARIAKAAYABsCiAd1c2Vfb2lsATEScHJvZ3Jlc3NpdmVfcmVjaXBlATEVAAAmyKy7z5uMoAUVAigCQzMsF0BHrtkWhysCGBJkYXNoX2Jhc2VsaW5lXzFfdjERAHX-B2XmnQEA&_nc_gid=yi60vVUFG1xZD8yjlYlQvg&_nc_zt=28&oh=00_Afdr8a6aZolBi_PDmTxxwVQVdQcwk-H6ChUtVB5pIZQ_CA&oe=69055736,https://www.instagram.com/reels/audio/750859220610559,1644,17089,853,https://www.instagram.com/you_a_beauty__,False,[],False,https://scontent.cdninstagram.com/v/t51.2885-19/324162400_6008910472473845_2636576922404540194_n.jpg?stp=dst-jpg_s150x150_tt6&efg=eyJ2ZW5jb2RlX3RhZyI6InByb2ZpbGVfcGljLmRqYW5nby4xMDgwLmMyIn0&_nc_ht=scontent.cdninstagram.com&_nc_cat=105&_nc_oc=Q6cZ2QH1OKG67nIwwoyi-QdAiGQP9b-pao2pCtPNo5vYxD7x679XCtHmdUyXhu9RA9uKrtM&_nc_ohc=CQ6gLBcZtUIQ7kNvwF3sax6&_nc_gid=yi60vVUFG1xZD8yjlYlQvg&edm=ANTKIIoBAAAA&ccb=7-5&oh=00_AfcOFu7PGHlaVwi_1KTVaLBRIRJYh9nopFoxYSHuOSqZtA&oe=69093DAC&_nc_sid=d885a2,2025-10-30T15:21:07.387Z,https://www.instagram.com/reel/DMWTrijyVBV/,1644,17089,853
https://www.instagram.com/reel/DLYaO-kzrPs/,you_a_beauty__,#ê´‘ê³  @thewhoo_official,"[""#ê´‘ê³ ""]",0,2025-06-26T22:51:58.000Z,-1,12,3299,[],3663793675337380844,https://scontent-ord5-1.cdninstagram.com/v/t51.2885-15/512112210_578017082048936_3196242923082828786_n.jpg?stp=dst-jpg_e15_tt6&efg=eyJ2ZW5jb2RlX3RhZyI6ImltYWdlX3VybGdlbi42NDB4MTEzNi5zZHIuZjcxODc4Lm5mcmFtZV9jb3Zlcl9mcmFtZS5jMiJ9&_nc_ht=scontent-ord5-1.cdninstagram.com&_nc_cat=108&_nc_oc=Q6cZ2QE7eg7ijBBuowe4erH11nRhbgErHPqd2r-Uae8pHPMmb5IFXeLoFzf9ySmoRRxXDxM&_nc_ohc=W_MUDCUqi1cQ7kNvwFNPM9B&_nc_gid=z5SqJ1gxXoGUVN_nfXLlsA&edm=ANTKIIoBAAAA&ccb=7-5&oh=00_AfcFbkyGKLT7fYJbbaIyWUlE7nNpiA_3JjYhAcmYsAJWmg&oe=69095E05&_nc_sid=d885a2,DLYaO-kzrPs,3663793675337380844_15507012711,clips,[],"[{""full_name"": ""ë”í›„"", ""id"": ""3679731307"", ""is_verified"": true, ""profile_pic_url"": ""https://scontent-ord5-3.cdninstagram.com/v/t51.2885-19/430428386_390855046895370_2782187459481145570_n.jpg?stp=dst-jpg_s150x150_tt6&efg=eyJ2ZW5jb2RlX3RhZyI6InByb2ZpbGVfcGljLmRqYW5nby4xMDgwLmMyIn0&_nc_ht=scontent-ord5-3.cdninstagram.com&_nc_cat=106&_nc_oc=Q6cZ2QE7eg7ijBBuowe4erH11nRhbgErHPqd2r-Uae8pHPMmb5IFXeLoFzf9ySmoRRxXDxM&_nc_ohc=Mhm1l0DnoqMQ7kNvwH09fdE&_nc_gid=z5SqJ1gxXoGUVN_nfXLlsA&edm=ANTKIIoBAAAA&ccb=7-5&oh=00_AfdQtJem1jfPcKyC3JlnaCx5MuOc2PbOefP4lfoHxKu66A&oe=69093A14&_nc_sid=d885a2"", ""username"": ""thewhoo_official""}]",34.166,https://scontent-ord5-3.cdninstagram.com/o1/v/t2/f2/m367/AQMtEOBLtYtsuyr6ZAFVTzOf9iHQtfwU1xai2QRRSzkRSb2YDTeNtUGMZdUwKtTB29el3GBndqpVrFDLrb3FpalMBUGRkYAR8s70zPA.mp4?_nc_cat=110&_nc_sid=5e9851&_nc_ht=scontent-ord5-3.cdninstagram.com&_nc_ohc=wU59p3ZitqYQ7kNvwHqAChq&efg=eyJ2ZW5jb2RlX3RhZyI6Inhwdl9wcm9ncmVzc2l2ZS5JTlNUQUdSQU0uQ0xJUFMuQzMuNzIwLmRhc2hfYmFzZWxpbmVfMV92MSIsInhwdl9hc3NldF9pZCI6MjUxMDY5NDMzNTk3NjQzMiwiYXNzZXRfYWdlX2RheXMiOjEyNSwidmlfdXNlY2FzZV9pZCI6MTAwOTksImR1cmF0aW9uX3MiOjM0LCJ1cmxnZW5fc291cmNlIjoid3d3In0%3D&ccb=17-1&vs=65ce5942012a606a&_nc_vs=HBksFQIYQGlnX2VwaGVtZXJhbC9GQzRCRTdGMjQzMzcyM0ZDRURBRjNBNEM4MkEzQkRCQV92aWRlb19kYXNoaW5pdC5tcDQVAALIARIAFQIYOnBhc3N0aHJvdWdoX2V2ZXJzdG9yZS9HS3FMaGg1Nlc0dTYxRThIQUlDRjk1VUlOME5mYnFfRUFBQUYVAgLIARIAKAAYABsCiAd1c2Vfb2lsATEScHJvZ3Jlc3NpdmVfcmVjaXBlATEVAAAm4M_IwNLd9QgVAigCQzMsF0BBFT987ZFoGBJkYXNoX2Jhc2VsaW5lXzFfdjERAHX-B2XmnQEA&_nc_gid=z5SqJ1gxXoGUVN_nfXLlsA&_nc_zt=28&oh=00_AfexuXZwA1oWw12fQ2yHZTe3tbN8eXXb8u_unfEpx4pMbw&oe=690951EF,https://www.instagram.com/reels/audio/690593990351503,1644,17089,853,https://www.instagram.com/you_a_beauty__,False,[],False,https://scontent-ord5-2.cdninstagram.com/v/t51.2885-19/324162400_6008910472473845_2636576922404540194_n.jpg?stp=dst-jpg_s150x150_tt6&efg=eyJ2ZW5jb2RlX3RhZyI6InByb2ZpbGVfcGljLmRqYW5nby4xMDgwLmMyIn0&_nc_ht=scontent-ord5-2.cdninstagram.com&_nc_cat=105&_nc_oc=Q6cZ2QE7eg7ijBBuowe4erH11nRhbgErHPqd2r-Uae8pHPMmb5IFXeLoFzf9ySmoRRxXDxM&_nc_ohc=CQ6gLBcZtUIQ7kNvwG7IuXy&_nc_gid=z5SqJ1gxXoGUVN_nfXLlsA&edm=ANTKIIoBAAAA&ccb=7-5&oh=00_AffR0Y0mQ6lj2Lwc7BKsj8Sklfz9I2VA7UARNHIwK4pTxQ&oe=69093DAC&_nc_sid=d885a2,2025-10-30T15:21:07.439Z,https://www.instagram.com/reel/DLYaO-kzrPs/,1644,17089,853
https://www.instagram.com/reel/DOClcmKE4qS/,you_a_beauty__,"#ê´‘ê³  @eiom_kr 
í•˜ë‚˜í•˜ë‚˜ ê·€ì°®ê²Œ ë–¼ì–´ë‚´ëŠ” ì‘ì€ íŠ¸ëŸ¬ë¸”íŒ¨ì¹˜ ì´ì   ì•ˆë…•!
ì••ì¶œ ì—†ì´ í”¼ì§€, ëª¨ë‚­ì—¼ ë½‘ì•„ë‚´ëŠ” #ëŒ€ì™•íŠ¸ëŸ¬ë¸”íŒ¨ì¹˜ ë¡œ ê´€ë¦¬í•˜ì!

ì¼ëª… #ìœ ì‚°ê· ë”±í’€íŒ© !
ëª¨ê³µ ì† ìˆ¨ì€ ì—¬ë“œë¦„ê·  / ëª¨ë‚­ì—¼ ê·  í¬í•¨ 6ê°€ì§€ í”¼ë¶€ íŠ¸ëŸ¬ë¸” ìœ ë°œê· ì„ 99.9% ì‚­ì œí•´ì£¼ëŠ” ì´ì˜´ íŠ¸ëŸ¬ë¸”íŒ¨ì¹˜ ë§ˆìŠ¤í¬ë¡œ ê´€ë¦¬í•´ìš”

#ì´ì˜´ #íŠ¸ëŸ¬ë¸”íŒ¨ì¹˜ë§ˆìŠ¤í¬ #ì´ì˜´íŠ¸ëŸ¬ë¸”íŒ¨ì¹˜ë§ˆìŠ¤í¬ #íŠ¸ëŸ¬ë¸”ë§ˆìŠ¤í¬ #ë§ˆìŠ¤í¬íŒ©ì¶”ì²œ #ë§ˆìŠ¤í¬íŒ©","[""#ê´‘ê³ "", ""#ëŒ€ì™•íŠ¸ëŸ¬ë¸”íŒ¨ì¹˜"", ""#ìœ ì‚°ê· ë”±í’€íŒ©"", ""#ì´ì˜´"", ""#íŠ¸ëŸ¬ë¸”íŒ¨ì¹˜ë§ˆìŠ¤í¬"", ""#ì´ì˜´íŠ¸ëŸ¬ë¸”íŒ¨ì¹˜ë§ˆìŠ¤í¬"", ""#íŠ¸ëŸ¬ë¸”ë§ˆìŠ¤í¬"", ""#ë§ˆìŠ¤í¬íŒ©ì¶”ì²œ"", ""#ë§ˆìŠ¤í¬íŒ©""]",0,2025-09-01T01:06:01.000Z,-1,3641,10118,[],3711693735744211602,https://scontent-lax3-1.cdninstagram.com/v/t51.2885-15/540653842_1740253889991742_6904639867458926410_n.jpg?stp=dst-jpg_e15_tt6&efg=eyJ2ZW5jb2RlX3RhZyI6ImltYWdlX3VybGdlbi42NDB4MTEzNi5zZHIuZjcxODc4Lm5mcmFtZV9jb3Zlcl9mcmFtZS5jMiJ9&_nc_ht=scontent-lax3-1.cdninstagram.com&_nc_cat=110&_nc_oc=Q6cZ2QFsXcyM8JEj718bWWCHWWYcjC-hmA37glugdzagUaS9E1nTEB1DqLWSXtuqq-xoEP0&_nc_ohc=dwY9DjysF9EQ7kNvwFTvZo1&_nc_gid=hJg9cBvmmLOfmL4vyxYung&edm=ANTKIIoBAAAA&ccb=7-5&oh=00_Afch2bZXlUg35se6i6uECzLaPaJRMyzgXlfmxGbzuWDdQQ&oe=69094D43&_nc_sid=d885a2,DOClcmKE4qS,3711693735744211602_15507012711,clips,[],"[{""full_name"": null, ""id"": ""76223800752"", ""is_verified"": false, ""profile_pic_url"": ""https://scontent-lax3-1.cdninstagram.com/v/t51.2885-19/525252603_17846099463536753_3850622361484584290_n.jpg?stp=dst-jpg_s150x150_tt6&efg=eyJ2ZW5jb2RlX3RhZyI6InByb2ZpbGVfcGljLmRqYW5nby4xMDgwLmMyIn0&_nc_ht=scontent-lax3-1.cdninstagram.com&_nc_cat=105&_nc_oc=Q6cZ2QFsXcyM8JEj718bWWCHWWYcjC-hmA37glugdzagUaS9E1nTEB1DqLWSXtuqq-xoEP0&_nc_ohc=YB289BhhMHwQ7kNvwFm8-3W&_nc_gid=hJg9cBvmmLOfmL4vyxYung&edm=ANTKIIoBAAAA&ccb=7-5&oh=00_Affwtbz00iZ4_mY5iQ5JrxNMOgHOO24e5rgDMbp69kz36g&oe=6909452C&_nc_sid=d885a2"", ""username"": ""eiom_kr""}]",40.866,https://scontent-lax3-1.cdninstagram.com/o1/v/t2/f2/m86/AQP2bFvd9MO7wbgEup7bRJ4QqMVFvFoSNjcQWWgaqcq6mqQXbuMercPj0hBQeH6ue1-QjeLGJLGa3CxZT35YGdd-kMNCKUPK5G-hBAk.mp4?_nc_cat=105&_nc_sid=5e9851&_nc_ht=scontent-lax3-1.cdninstagram.com&_nc_ohc=xv37wAfJAvkQ7kNvwH21BlL&efg=eyJ2ZW5jb2RlX3RhZyI6Inhwdl9wcm9ncmVzc2l2ZS5JTlNUQUdSQU0uQ0xJUFMuQzMuNzIwLmRhc2hfYmFzZWxpbmVfMV92MSIsInhwdl9hc3NldF9pZCI6NzU5NTkxMjk3MDUzNjc4LCJhc3NldF9hZ2VfZGF5cyI6NTksInZpX3VzZWNhc2VfaWQiOjEwMDk5LCJkdXJhdGlvbl9zIjo0MCwidXJsZ2VuX3NvdXJjZSI6Ind3dyJ9&ccb=17-1&vs=42447e52e79925f3&_nc_vs=HBksFQIYUmlnX3hwdl9yZWVsc19wZXJtYW5lbnRfc3JfcHJvZC84QjQxODVDRUQwNEIzQzg5QTJCNUYwOTdERkE4QzhBQV92aWRlb19kYXNoaW5pdC5tcDQVAALIARIAFQIYOnBhc3N0aHJvdWdoX2V2ZXJzdG9yZS9HQm45TFNCeTllS2lRZGtDQUd0U3RUQU9jMmtnYnFfRUFBQUYVAgLIARIAKAAYABsCiAd1c2Vfb2lsATEScHJvZ3Jlc3NpdmVfcmVjaXBlATEVAAAm3M_7loS22QIVAigCQzMsF0BEbtkWhysCGBJkYXNoX2Jhc2VsaW5lXzFfdjERAHX-B2XmnQEA&_nc_gid=hJg9cBvmmLOfmL4vyxYung&_nc_zt=28&oh=00_AfceL7EJM2jv5-OhPwqC0aBRPSom8LEZPUEYoZ5CG4b2wA&oe=690576F2,https://www.instagram.com/reels/audio/1141437957873821,1644,17089,853,https://www.instagram.com/you_a_beauty__,False,[],False,https://scontent-lax3-1.cdninstagram.com/v/t51.2885-19/324162400_6008910472473845_2636576922404540194_n.jpg?stp=dst-jpg_s150x150_tt6&efg=eyJ2ZW5jb2RlX3RhZyI6InByb2ZpbGVfcGljLmRqYW5nby4xMDgwLmMyIn0&_nc_ht=scontent-lax3-1.cdninstagram.com&_nc_cat=105&_nc_oc=Q6cZ2QFsXcyM8JEj718bWWCHWWYcjC-hmA37glugdzagUaS9E1nTEB1DqLWSXtuqq-xoEP0&_nc_ohc=CQ6gLBcZtUIQ7kNvwFcByWt&_nc_gid=hJg9cBvmmLOfmL4vyxYung&edm=ANTKIIoBAAAA&ccb=7-5&oh=00_AfeufY1lsal7jJpqFd-kmUh2TTi0r2Y473wFHHX96W3_rQ&oe=69093DAC&_nc_sid=d885a2,2025-10-30T15:21:07.517Z,https://www.instagram.com/reel/DOClcmKE4qS/,1644,17089,853
https://www.instagram.com/reel/DQTmKmiEcQi/,you_a_beauty__,"#ê´‘ê³  @moolda_official 
10ê°€ì§€ ì»¬ëŸ¬ë¡œ ì…ìˆ  ì˜¨ë„ì— ë”°ë¼ ë³€í•˜ëŠ”
ì»¬ëŸ¬ë¦½ë°¤ ë¬¼ë‹¤ í‹´í‹°ë“œ ë¦½ ë°¤
ì œ ìµœì• ì»¬ëŸ¬ 4ê°€ì§€ë¥¼ ë°œìƒ‰í•´ë´¤ëŠ”ë°ìš”

ì—¬ëŸ¬ë¶„ë“¤ì˜ ìµœì• ì»¬ëŸ¬ëŠ” ëª‡ í˜¸ ì¸ê°€ìš”?

* í˜„ì¬ ì—ì´ë¸”ë¦¬ì—ì„œ 9,000ì›ëŒ€ì—ì„œ êµ¬ë§¤ ê°€ëŠ¥í•˜ë‹ˆ
ë§ê´€ë¶€ğŸ’

#í‹´í‹°ë“œë¦½ë°¤ #MOOLDA #ë¬¼ë‹¤ #ë¬¼ë‹¤ë¦½ë°¤ #LIPBARM 
#ì°©ìƒ‰ë¦½ë°¤ #ë³´ìŠµë¦½ë°¤ #ì»¬ëŸ¬ë¦½ë°¤ #Mooldalipbarm","[""#ê´‘ê³ "", ""#í‹´í‹°ë“œë¦½ë°¤"", ""#MOOLDA"", ""#ë¬¼ë‹¤"", ""#ë¬¼ë‹¤ë¦½ë°¤"", ""#LIPBARM"", ""#ì°©ìƒ‰ë¦½ë°¤"", ""#ë³´ìŠµë¦½ë°¤"", ""#ì»¬ëŸ¬ë¦½ë°¤"", ""#Mooldalipbarm""]",1,2025-10-27T08:37:11.000Z,237,784,3927,"[{""comment"": ""ì²´ì¸ì§€ë¦½ë°¤ì€ ì‹ ê¸°í•´ì„œ ì˜ˆì „ì—ë„ ì§€ê¸ˆë„ ì¬ë°ŒëŠ”ê²ƒ ê°™ì•„ìš”ğŸ˜®"", ""user_commenting"": ""chiyo_towa"", ""date_of_comment"": ""2025-10-27T09:07:13.000Z"", ""likes"": null, ""num_replies"": 0, ""replies"": [], ""avatar"": ""https://scontent-iad3-2.cdninstagram.com/v/t51.2885-19/538150925_18322320931232184_6548770588289795054_n.jpg?stp=dst-jpg_s150x150_tt6&efg=eyJ2ZW5jb2RlX3RhZyI6InByb2ZpbGVfcGljLmRqYW5nby4xMDgwLmMyIn0&_nc_ht=scontent-iad3-2.cdninstagram.com&_nc_cat=100&_nc_oc=Q6cZ2QFBAvMv4ZdubvMCuDNtgPSH340iG5Z62DHXEvMr3XS1jJZVu06SydvP4ETEMp2FDJA&_nc_ohc=Q_IBsYBPvpkQ7kNvwFttfJn&_nc_gid=-4r0Kka5VCGtCjh35591WQ&edm=ANTKIIoBAAAA&ccb=7-5&oh=00_AfcvppqJXSxlMUr5Dv83PGziHPh1Q3h4ssX-gjEly2o2ow&oe=69094918&_nc_sid=d885a2""}]",3752510768865723426,https://scontent-iad3-1.cdninstagram.com/v/t51.2885-15/572121936_840735565069969_2941401417350889089_n.jpg?stp=dst-jpg_e15_tt6&efg=eyJ2ZW5jb2RlX3RhZyI6ImltYWdlX3VybGdlbi42NDB4MTEzNi5zZHIuZjcxODc4Lm5mcmFtZV9jb3Zlcl9mcmFtZS5jMiJ9&_nc_ht=scontent-iad3-1.cdninstagram.com&_nc_cat=101&_nc_oc=Q6cZ2QFBAvMv4ZdubvMCuDNtgPSH340iG5Z62DHXEvMr3XS1jJZVu06SydvP4ETEMp2FDJA&_nc_ohc=A0Vbs__C6eEQ7kNvwH3rezl&_nc_gid=-4r0Kka5VCGtCjh35591WQ&edm=ANTKIIoBAAAA&ccb=7-5&oh=00_Afd6j4KxiNEso7TKb-di3dK-GM26wi9M-z19MEg9OFSOaw&oe=69096B83&_nc_sid=d885a2,DQTmKmiEcQi,3752510768865723426_15507012711,clips,[],"[{""full_name"": ""MOOLDA á„†á…®á†¯á„ƒá…¡"", ""id"": ""5540177379"", ""is_verified"": false, ""profile_pic_url"": ""https://scontent-iad3-2.cdninstagram.com/v/t51.2885-19/288187939_1097131294220142_8035117052943085625_n.jpg?stp=dst-jpg_s150x150_tt6&efg=eyJ2ZW5jb2RlX3RhZyI6InByb2ZpbGVfcGljLmRqYW5nby4xMDgwLmMyIn0&_nc_ht=scontent-iad3-2.cdninstagram.com&_nc_cat=106&_nc_oc=Q6cZ2QFBAvMv4ZdubvMCuDNtgPSH340iG5Z62DHXEvMr3XS1jJZVu06SydvP4ETEMp2FDJA&_nc_ohc=fAwjdOdQHCkQ7kNvwF-Kmt_&_nc_gid=-4r0Kka5VCGtCjh35591WQ&edm=ANTKIIoBAAAA&ccb=7-5&oh=00_Aff1nMKARSUmls7IeAgvm98OLtRU-8vxfGy_uHk6AGhGLA&oe=69096C05&_nc_sid=d885a2"", ""username"": ""moolda_official""}]",41.237,https://scontent-iad3-1.cdninstagram.com/o1/v/t2/f2/m86/AQOo5yUhsB_BUXv810m6C1CwnSvXXVWlFyLgF8yIHbs61tl90jXIxGHC-hLgmN5Jd8wbQvJYSaODFJqcr_x48wY6s3cD1TEdRtpWy4Q.mp4?_nc_cat=110&_nc_sid=5e9851&_nc_ht=scontent-iad3-1.cdninstagram.com&_nc_ohc=pMvoJg9-A1kQ7kNvwE9GcH2&efg=eyJ2ZW5jb2RlX3RhZyI6Inhwdl9wcm9ncmVzc2l2ZS5JTlNUQUdSQU0uQ0xJUFMuQzMuNzIwLmRhc2hfYmFzZWxpbmVfMV92MSIsInhwdl9hc3NldF9pZCI6ODA5MTM5MzI4NjE2NzgzLCJ2aV91c2VjYXNlX2lkIjoxMDA5OSwiZHVyYXRpb25fcyI6NDEsInVybGdlbl9zb3VyY2UiOiJ3d3cifQ%3D%3D&ccb=17-1&vs=fffa9dd700d32b7c&_nc_vs=HBksFQIYUmlnX3hwdl9yZWVsc19wZXJtYW5lbnRfc3JfcHJvZC82RjRDQzg4QTFCMDRGMTQ3REQ1RDM3RDQwRjA2MURCQ192aWRlb19kYXNoaW5pdC5tcDQVAALIARIAFQIYOnBhc3N0aHJvdWdoX2V2ZXJzdG9yZS9HTXJUOXlGZElwN0JOcWdFQUhCMXE1aFJUYVFoYnN0VEFRQUYVAgLIARIAKAAYABsCiAd1c2Vfb2lsATEScHJvZ3Jlc3NpdmVfcmVjaXBlATEVAAAmnqWM5I367wIVAigCQzMsF0BEndLxqfvnGBJkYXNoX2Jhc2VsaW5lXzFfdjERAHX-B2XmnQEA&_nc_gid=-4r0Kka5VCGtCjh35591WQ&_nc_zt=28&oh=00_Affx-2gtCPoQrLsADXzkXVPl8V-g3_bIe8mvHm2bN14YYQ&oe=690555C3,https://www.instagram.com/reels/audio/1885704728680802,1644,17089,853,https://www.instagram.com/you_a_beauty__,False,[],False,https://scontent-iad3-2.cdninstagram.com/v/t51.2885-19/324162400_6008910472473845_2636576922404540194_n.jpg?stp=dst-jpg_s150x150_tt6&efg=eyJ2ZW5jb2RlX3RhZyI6InByb2ZpbGVfcGljLmRqYW5nby4xMDgwLmMyIn0&_nc_ht=scontent-iad3-2.cdninstagram.com&_nc_cat=105&_nc_oc=Q6cZ2QFBAvMv4ZdubvMCuDNtgPSH340iG5Z62DHXEvMr3XS1jJZVu06SydvP4ETEMp2FDJA&_nc_ohc=CQ6gLBcZtUIQ7kNvwGg9eiq&_nc_gid=-4r0Kka5VCGtCjh35591WQ&edm=ANTKIIoBAAAA&ccb=7-5&oh=00_AffRaFO8q3YBwrXTPcMzVSixaiA2ex7YSgy-7-EQLpAOyQ&oe=69093DAC&_nc_sid=d885a2,2025-10-30T15:21:07.666Z,https://www.instagram.com/reel/DQTmKmiEcQi/,1644,17089,853
